attempt_id,transaction_id,customer_id,amount_paise,currency,status,failure_reason,method,attempt_no,retry_of_attempt_id,gateway_ref,created_at
pa_000001,txn_000001,cust_0290,799900,INR,FAILED,expired_card,wallet,1,,pay_SYN00000001,2026-08-27T18:14:11+05:30
pa_000002,txn_000002,cust_0422,299900,INR,FAILED,payment_method_declined,upi,1,,pay_SYN00000002,2026-08-16T19:51:55+05:30
pa_000003,txn_000003,cust_0482,449900,INR,FAILED,expired_card,wallet,1,,pay_SYN00000003,2026-08-19T11:42:38+05:30
pa_000004,txn_000004,cust_0407,1499900,INR,FAILED,payment_method_declined,upi,1,,pay_SYN00000004,2026-08-11T05:12:59+05:30
pa_000005,txn_000005,cust_0015,799900,INR,FAILED,payment_network_error,upi,1,,pay_SYN00000005,2026-08-20T13:53:15+05:30
pa_000006,txn_000006,cust_0133,1499900,INR,FAILED,expired_card,wallet,1,,pay_SYN00000006,2026-08-24T20:39:17+05:30
pa_000007,txn_000007,cust_0274,1199900,INR,FAILED,expired_card,card,1,,pay_SYN00000007,2026-08-24T08:23:07+05:30
pa_000008,txn_000008,cust_0331,1499900,INR,FAILED,authentication_failed,card,1,,pay_SYN00000008,2026-08-27T17:24:22+05:30
pa_000009,txn_000009,cust_0210,399900,INR,FAILED,payment_method_declined,upi,1,,pay_SYN00000009,2026-08-28T13:36:42+05:30
pa_000010,txn_000010,cust_0409,299900,INR,FAILED,authentication_failed,wallet,1,,pay_SYN00000010,2026-08-27T18:42:17+05:30
pa_000011,txn_000011,cust_0123,399900,INR,FAILED,expired_card,netbanking,1,,pay_SYN00000011,2026-08-12T10:04:24+05:30
pa_000012,txn_000012,cust_0479,449900,INR,FAILED,payment_network_error,wallet,1,,pay_SYN00000012,2026-08-21T22:53:23+05:30
pa_000013,txn_000013,cust_0351,899900,INR,FAILED,unknown,upi,1,,pay_SYN00000013,2026-08-29T15:33:50+05:30
pa_000014,txn_000014,cust_0318,3999900,INR,FAILED,suspected_fraud,card,1,,pay_SYN00000014,2026-08-27T08:30:29+05:30
pa_000015,txn_000015,cust_0328,449900,INR,FAILED,unknown,upi,1,,pay_SYN00000015,2026-08-09T18:41:29+05:30
pa_000016,txn_000016,cust_0134,3999900,INR,FAILED,unknown,card,1,,pay_SYN00000016,2026-08-30T06:18:23+05:30
pa_000017,txn_000017,cust_0258,2499900,INR,FAILED,unknown,upi,1,,pay_SYN00000017,2026-08-18T16:26:22+05:30
pa_000018,txn_000018,cust_0311,149900,INR,FAILED,unknown,netbanking,1,,pay_SYN00000018,2026-08-17T11:10:25+05:30
pa_000019,txn_000019,cust_0461,3999900,INR,FAILED,unknown,upi,1,,pay_SYN00000019,2026-08-20T20:53:04+05:30
pa_000020,txn_000020,cust_0483,249900,INR,FAILED,unknown,wallet,1,,pay_SYN00000020,2026-08-16T12:13:15+05:30
pa_000021,txn_000021,cust_0119,1499900,INR,FAILED,authentication_failed,netbanking,1,,pay_SYN00000021,2026-08-11T17:37:55+05:30
pa_000022,txn_000022,cust_0435,799900,INR,FAILED,payment_network_error,card,1,,pay_SYN00000022,2026-08-21T18:04:22+05:30
pa_000023,txn_000023,cust_0287,249900,INR,FAILED,expired_card,wallet,1,,pay_SYN00000023,2026-08-08T19:43:08+05:30
pa_000024,txn_000024,cust_0181,799900,INR,FAILED,authentication_failed,netbanking,1,,pay_SYN00000024,2026-08-16T10:08:12+05:30
pa_000025,txn_000025,cust_0146,149900,INR,FAILED,payment_method_declined,wallet,1,,pay_SYN00000025,2026-08-15T16:19:21+05:30
pa_000026,txn_000026,cust_0362,299900,INR,FAILED,payment_method_declined,wallet,1,,pay_SYN00000026,2026-08-16T18:29:41+05:30
pa_000027,txn_000027,cust_0474,399900,INR,FAILED,payment_network_error,card,1,,pay_SYN00000027,2026-08-24T15:43:23+05:30
pa_000028,txn_000027,cust_0474,399900,INR,SUCCESS,,card,2,pa_000027,pay_SYN00000028,2026-08-28T15:43:23+05:30
pa_000029,txn_000028,cust_0388,129900,INR,FAILED,insufficient_funds,card,1,,pay_SYN00000029,2026-08-29T19:24:53+05:30
pa_000030,txn_000028,cust_0388,129900,INR,SUCCESS,,card,2,pa_000029,pay_SYN00000030,2026-08-29T19:49:53+05:30
pa_000031,txn_000029,cust_0141,299900,INR,FAILED,payment_method_declined,netbanking,1,,pay_SYN00000031,2026-08-25T17:46:42+05:30
pa_000032,txn_000029,cust_0141,299900,INR,SUCCESS,,netbanking,2,pa_000031,pay_SYN00000032,2026-08-26T17:46:42+05:30
pa_000033,txn_000030,cust_0450,799900,INR,FAILED,insufficient_funds,card,1,,pay_SYN00000033,2026-08-16T20:26:50+05:30
pa_000034,txn_000030,cust_0450,799900,INR,SUCCESS,,card,2,pa_000033,pay_SYN00000034,2026-08-18T20:26:50+05:30
pa_000035,txn_000031,cust_0273,2499900,INR,FAILED,payment_method_declined,upi,1,,pay_SYN00000035,2026-08-16T19:48:41+05:30
pa_000036,txn_000031,cust_0273,2499900,INR,SUCCESS,,upi,2,pa_000035,pay_SYN00000036,2026-08-17T01:48:41+05:30
pa_000037,txn_000032,cust_0475,799900,INR,FAILED,payment_network_error,upi,1,,pay_SYN00000037,2026-08-17T12:22:42+05:30
pa_000038,txn_000032,cust_0475,799900,INR,SUCCESS,,upi,2,pa_000037,pay_SYN00000038,2026-08-21T12:22:42+05:30
pa_000039,txn_000033,cust_0337,1199900,INR,FAILED,payment_network_error,wallet,1,,pay_SYN00000039,2026-08-21T13:20:24+05:30
pa_000040,txn_000033,cust_0337,1199900,INR,SUCCESS,,wallet,2,pa_000039,pay_SYN00000040,2026-08-21T13:45:24+05:30
pa_000041,txn_000034,cust_0115,799900,INR,FAILED,payment_method_declined,card,1,,pay_SYN00000041,2026-08-29T16:22:22+05:30
pa_000042,txn_000034,cust_0115,799900,INR,SUCCESS,,card,2,pa_000041,pay_SYN00000042,2026-08-29T16:47:22+05:30
pa_000043,txn_000035,cust_0471,1199900,INR,FAILED,payment_method_declined,netbanking,1,,pay_SYN00000043,2026-08-10T13:05:17+05:30
pa_000044,txn_000035,cust_0471,1199900,INR,SUCCESS,,netbanking,2,pa_000043,pay_SYN00000044,2026-08-10T13:30:17+05:30
pa_000045,txn_000036,cust_0005,399900,INR,FAILED,expired_card,wallet,1,,pay_SYN00000045,2026-08-19T13:59:08+05:30
pa_000046,txn_000036,cust_0005,399900,INR,SUCCESS,,wallet,2,pa_000045,pay_SYN00000046,2026-08-19T15:29:08+05:30
pa_000047,txn_000037,cust_0163,149900,INR,FAILED,authentication_failed,wallet,1,,pay_SYN00000047,2026-08-23T10:57:02+05:30
pa_000048,txn_000037,cust_0163,149900,INR,FAILED,authentication_failed,wallet,2,pa_000047,pay_SYN00000048,2026-08-23T11:08:02+05:30
pa_000049,txn_000038,cust_0253,899900,INR,FAILED,insufficient_funds,card,1,,pay_SYN00000049,2026-08-28T21:10:57+05:30
pa_000050,txn_000038,cust_0253,899900,INR,FAILED,insufficient_funds,card,2,pa_000049,pay_SYN00000050,2026-08-30T21:10:57+05:30
pa_000051,txn_000038,cust_0253,899900,INR,FAILED,authentication_failed,card,3,pa_000050,pay_SYN00000051,2026-08-30T21:13:57+05:30
pa_000052,txn_000039,cust_0395,799900,INR,FAILED,payment_network_error,upi,1,,pay_SYN00000052,2026-08-15T13:16:10+05:30
pa_000053,txn_000039,cust_0395,799900,INR,FAILED,payment_method_declined,upi,2,pa_000052,pay_SYN00000053,2026-08-15T13:27:10+05:30
pa_000054,txn_000040,cust_0363,249900,INR,FAILED,insufficient_funds,netbanking,1,,pay_SYN00000054,2026-08-09T20:57:29+05:30
pa_000055,txn_000040,cust_0363,249900,INR,FAILED,authentication_failed,netbanking,2,pa_000054,pay_SYN00000055,2026-08-09T21:00:29+05:30
pa_000056,txn_000041,cust_0121,899900,INR,FAILED,insufficient_funds,upi,1,,pay_SYN00000056,2026-08-25T07:30:47+05:30
pa_000057,txn_000041,cust_0121,899900,INR,FAILED,authentication_failed,upi,2,pa_000056,pay_SYN00000057,2026-08-25T08:17:47+05:30
pa_000058,txn_000041,cust_0121,899900,INR,FAILED,payment_network_error,upi,3,pa_000057,pay_SYN00000058,2026-08-26T08:17:47+05:30
pa_000059,txn_000042,cust_0374,399900,INR,FAILED,payment_network_error,wallet,1,,pay_SYN00000059,2026-08-23T11:33:40+05:30
pa_000060,txn_000042,cust_0374,399900,INR,FAILED,expired_card,wallet,2,pa_000059,pay_SYN00000060,2026-08-24T11:33:40+05:30
pa_000061,txn_000042,cust_0374,399900,INR,FAILED,payment_method_declined,wallet,3,pa_000060,pay_SYN00000061,2026-08-24T11:36:40+05:30
pa_000062,txn_000043,cust_0046,129900,INR,FAILED,payment_method_declined,netbanking,1,,pay_SYN00000062,2026-08-10T11:04:40+05:30
pa_000063,txn_000043,cust_0046,129900,INR,FAILED,expired_card,netbanking,2,pa_000062,pay_SYN00000063,2026-08-10T23:04:40+05:30
pa_000064,txn_000044,cust_0073,799900,INR,FAILED,authentication_failed,wallet,1,,pay_SYN00000064,2026-08-12T12:43:20+05:30
pa_000065,txn_000044,cust_0073,799900,INR,FAILED,expired_card,wallet,2,pa_000064,pay_SYN00000065,2026-08-12T15:43:20+05:30
pa_000066,txn_000044,cust_0073,799900,INR,FAILED,insufficient_funds,wallet,3,pa_000065,pay_SYN00000066,2026-08-13T15:43:20+05:30
pa_000067,txn_000044,cust_0073,799900,INR,FAILED,payment_network_error,wallet,4,pa_000066,pay_SYN00000067,2026-08-15T15:43:20+05:30
pa_000068,txn_000045,cust_0144,14900,INR,FAILED,expired_card,upi,1,,pay_SYN00000068,2026-08-26T17:57:58+05:30
pa_000069,txn_000046,cust_0178,299900,INR,FAILED,insufficient_funds,netbanking,1,,pay_SYN00000069,2026-08-08T16:39:15+05:30
pa_000070,txn_000047,cust_0410,14900,INR,FAILED,payment_method_declined,wallet,1,,pay_SYN00000070,2026-08-20T22:50:23+05:30
pa_000071,txn_000048,cust_0009,149900,INR,FAILED,expired_card,wallet,1,,pay_SYN00000071,2026-08-13T12:45:59+05:30
pa_000072,txn_000049,cust_0276,14900,INR,FAILED,expired_card,netbanking,1,,pay_SYN00000072,2026-08-10T19:53:17+05:30
pa_000073,txn_000050,cust_0223,149900,INR,FAILED,authentication_failed,card,1,,pay_SYN00000073,2026-08-08T19:36:14+05:30
pa_000074,txn_000051,cust_0272,19900,INR,FAILED,expired_card,card,1,,pay_SYN00000074,2026-08-15T10:56:51+05:30
pa_000075,txn_000052,cust_0186,249900,INR,FAILED,payment_method_declined,wallet,1,,pay_SYN00000075,2026-08-15T17:39:27+05:30
pa_000076,txn_000053,cust_0399,14900,INR,FAILED,payment_network_error,wallet,1,,pay_SYN00000076,2026-08-18T21:58:01+05:30
pa_000077,txn_000054,cust_0484,399900,INR,FAILED,payment_method_declined,card,1,,pay_SYN00000077,2026-08-11T19:03:44+05:30
pa_000078,txn_000055,cust_0322,19900,INR,FAILED,payment_network_error,wallet,1,,pay_SYN00000078,2026-08-30T20:01:39+05:30
pa_000079,txn_000056,cust_0246,249900,INR,FAILED,insufficient_funds,netbanking,1,,pay_SYN00000079,2026-08-10T14:02:33+05:30
pa_000080,txn_000057,cust_0204,8999900,INR,FAILED,payment_network_error,upi,1,,pay_SYN00000080,2026-08-28T11:33:17+05:30
pa_000081,txn_000058,cust_0169,8999900,INR,FAILED,payment_network_error,wallet,1,,pay_SYN00000081,2026-08-19T18:24:09+05:30
pa_000082,txn_000059,cust_0285,2499900,INR,FAILED,insufficient_funds,upi,1,,pay_SYN00000082,2026-08-19T14:29:57+05:30
pa_000083,txn_000060,cust_0231,8999900,INR,FAILED,insufficient_funds,upi,1,,pay_SYN00000083,2026-08-27T18:22:47+05:30
pa_000084,txn_000061,cust_0103,3999900,INR,FAILED,expired_card,upi,1,,pay_SYN00000084,2026-08-15T13:04:06+05:30
pa_000085,txn_000062,cust_0021,3999900,INR,FAILED,insufficient_funds,netbanking,1,,pay_SYN00000085,2026-08-29T13:07:57+05:30
pa_000086,txn_000063,cust_0462,1199900,INR,FAILED,expired_card,wallet,1,,pay_SYN00000086,2026-05-04T08:24:20+05:30
pa_000087,txn_000064,cust_0305,1499900,INR,FAILED,insufficient_funds,netbanking,1,,pay_SYN00000087,2026-04-29T20:52:42+05:30
pa_000088,txn_000065,cust_0330,3999900,INR,FAILED,payment_method_declined,wallet,1,,pay_SYN00000088,2026-04-27T12:32:32+05:30
pa_000089,txn_000066,cust_0268,899900,INR,FAILED,insufficient_funds,netbanking,1,,pay_SYN00000089,2026-03-30T16:44:24+05:30
pa_000090,txn_000067,cust_0421,2499900,INR,FAILED,payment_method_declined,card,1,,pay_SYN00000090,2026-04-16T16:47:43+05:30
pa_000091,txn_000068,cust_0248,899900,INR,FAILED,expired_card,wallet,1,,pay_SYN00000091,2026-05-20T15:56:54+05:30
pa_000092,txn_000069,cust_0391,299900,INR,FAILED,expired_card,card,1,,pay_SYN00000092,2026-06-28T07:56:36+05:30
pa_000093,txn_000070,cust_0323,249900,INR,FAILED,payment_network_error,upi,1,,pay_SYN00000093,2026-06-20T12:55:12+05:30
pa_000094,txn_000071,cust_0001,399900,INR,SUCCESS,,netbanking,1,,pay_SYN00000094,2026-08-21T18:48:33+05:30
pa_000095,txn_000072,cust_0001,249900,INR,SUCCESS,,upi,1,,pay_SYN00000095,2026-04-01T20:21:48+05:30
pa_000096,txn_000073,cust_0002,6499900,INR,SUCCESS,,netbanking,1,,pay_SYN00000096,2026-07-15T09:32:47+05:30
pa_000097,txn_000074,cust_0002,899700,INR,SUCCESS,,netbanking,1,,pay_SYN00000097,2026-06-22T14:21:43+05:30
pa_000098,txn_000075,cust_0002,399900,INR,SUCCESS,,wallet,1,,pay_SYN00000098,2026-03-16T11:45:41+05:30
pa_000099,txn_000076,cust_0002,1499900,INR,SUCCESS,,card,1,,pay_SYN00000099,2026-09-01T21:04:25+05:30
pa_000100,txn_000077,cust_0002,2499900,INR,SUCCESS,,upi,1,,pay_SYN00000100,2026-05-22T19:10:56+05:30
pa_000101,txn_000078,cust_0002,149900,INR,SUCCESS,,netbanking,1,,pay_SYN00000101,2026-04-15T16:30:05+05:30
pa_000102,txn_000079,cust_0002,3999900,INR,SUCCESS,,card,1,,pay_SYN00000102,2026-04-10T19:32:22+05:30
pa_000103,txn_000080,cust_0002,1499900,INR,SUCCESS,,upi,1,,pay_SYN00000103,2026-03-09T20:14:44+05:30
pa_000104,txn_000081,cust_0003,79900,INR,SUCCESS,,card,1,,pay_SYN00000104,2026-05-12T16:12:23+05:30
pa_000105,txn_000082,cust_0003,899900,INR,SUCCESS,,netbanking,1,,pay_SYN00000105,2026-03-06T16:22:34+05:30
pa_000106,txn_000083,cust_0004,149900,INR,SUCCESS,,wallet,1,,pay_SYN00000106,2026-04-13T06:10:47+05:30
pa_000107,txn_000084,cust_0004,79900,INR,SUCCESS,,upi,1,,pay_SYN00000107,2026-04-03T11:49:51+05:30
pa_000108,txn_000085,cust_0004,399900,INR,SUCCESS,,netbanking,1,,pay_SYN00000108,2026-07-28T13:00:49+05:30
pa_000109,txn_000086,cust_0005,799900,INR,SUCCESS,,wallet,1,,pay_SYN00000109,2026-06-27T21:00:03+05:30
pa_000110,txn_000087,cust_0005,449900,INR,SUCCESS,,netbanking,1,,pay_SYN00000110,2026-07-06T18:18:01+05:30
pa_000111,txn_000088,cust_0005,1199900,INR,SUCCESS,,upi,1,,pay_SYN00000111,2026-03-05T16:50:35+05:30
pa_000112,txn_000089,cust_0005,899900,INR,SUCCESS,,card,1,,pay_SYN00000112,2026-04-27T10:15:53+05:30
pa_000113,txn_000090,cust_0005,799900,INR,SUCCESS,,upi,1,,pay_SYN00000113,2026-06-04T16:28:16+05:30
pa_000114,txn_000091,cust_0007,129900,INR,SUCCESS,,wallet,1,,pay_SYN00000114,2026-05-22T18:22:48+05:30
pa_000115,txn_000092,cust_0007,399900,INR,SUCCESS,,netbanking,1,,pay_SYN00000115,2026-03-31T13:31:44+05:30
pa_000116,txn_000093,cust_0008,14900,INR,SUCCESS,,upi,1,,pay_SYN00000116,2026-03-04T14:35:28+05:30
pa_000117,txn_000094,cust_0010,149900,INR,SUCCESS,,upi,1,,pay_SYN00000117,2026-09-01T11:32:38+05:30
pa_000118,txn_000095,cust_0010,129900,INR,SUCCESS,,wallet,1,,pay_SYN00000118,2026-03-12T08:45:34+05:30
pa_000119,txn_000096,cust_0011,79900,INR,SUCCESS,,card,1,,pay_SYN00000119,2026-07-10T13:56:37+05:30
pa_000120,txn_000097,cust_0013,399900,INR,SUCCESS,,netbanking,1,,pay_SYN00000120,2026-03-30T12:10:15+05:30
pa_000121,txn_000098,cust_0013,149900,INR,SUCCESS,,netbanking,1,,pay_SYN00000121,2026-03-12T18:54:11+05:30
pa_000122,txn_000099,cust_0014,149900,INR,SUCCESS,,card,1,,pay_SYN00000122,2026-06-05T09:39:46+05:30
pa_000123,txn_000100,cust_0015,899900,INR,SUCCESS,,netbanking,1,,pay_SYN00000123,2026-05-12T15:23:23+05:30
pa_000124,txn_000101,cust_0015,899900,INR,SUCCESS,,wallet,1,,pay_SYN00000124,2026-08-26T06:31:05+05:30
pa_000125,txn_000102,cust_0015,3999900,INR,SUCCESS,,card,1,,pay_SYN00000125,2026-07-06T20:45:14+05:30
pa_000126,txn_000103,cust_0015,149900,INR,SUCCESS,,wallet,1,,pay_SYN00000126,2026-04-21T21:24:32+05:30
pa_000127,txn_000104,cust_0015,899900,INR,SUCCESS,,upi,1,,pay_SYN00000127,2026-04-29T10:00:39+05:30
pa_000128,txn_000105,cust_0016,899700,INR,SUCCESS,,netbanking,1,,pay_SYN00000128,2026-03-03T19:40:46+05:30
pa_000129,txn_000106,cust_0016,249900,INR,SUCCESS,,wallet,1,,pay_SYN00000129,2026-08-29T10:13:47+05:30
pa_000130,txn_000107,cust_0016,799900,INR,SUCCESS,,netbanking,1,,pay_SYN00000130,2026-05-04T05:29:34+05:30
pa_000131,txn_000108,cust_0016,399900,INR,SUCCESS,,netbanking,1,,pay_SYN00000131,2026-03-25T19:21:57+05:30
pa_000132,txn_000109,cust_0020,299900,INR,SUCCESS,,wallet,1,,pay_SYN00000132,2026-04-12T16:16:52+05:30
pa_000133,txn_000110,cust_0020,129900,INR,SUCCESS,,wallet,1,,pay_SYN00000133,2026-03-11T20:46:36+05:30
pa_000134,txn_000111,cust_0020,399900,INR,SUCCESS,,netbanking,1,,pay_SYN00000134,2026-05-07T05:38:50+05:30
pa_000135,txn_000112,cust_0021,399900,INR,SUCCESS,,card,1,,pay_SYN00000135,2026-04-09T16:17:06+05:30
pa_000136,txn_000113,cust_0021,6499900,INR,SUCCESS,,card,1,,pay_SYN00000136,2026-06-21T19:24:11+05:30
pa_000137,txn_000114,cust_0021,299900,INR,SUCCESS,,netbanking,1,,pay_SYN00000137,2026-04-24T16:02:49+05:30
pa_000138,txn_000115,cust_0021,899900,INR,SUCCESS,,netbanking,1,,pay_SYN00000138,2026-05-26T06:53:57+05:30
pa_000139,txn_000116,cust_0021,1499900,INR,SUCCESS,,card,1,,pay_SYN00000139,2026-05-22T17:58:23+05:30
pa_000140,txn_000117,cust_0021,8999900,INR,SUCCESS,,upi,1,,pay_SYN00000140,2026-05-08T20:26:44+05:30
pa_000141,txn_000118,cust_0023,1199900,INR,SUCCESS,,card,1,,pay_SYN00000141,2026-08-04T21:10:11+05:30
pa_000142,txn_000119,cust_0023,449900,INR,SUCCESS,,card,1,,pay_SYN00000142,2026-03-17T14:38:09+05:30
pa_000143,txn_000120,cust_0023,49900,INR,SUCCESS,,card,1,,pay_SYN00000143,2026-06-16T20:04:36+05:30
pa_000144,txn_000121,cust_0024,799800,INR,SUCCESS,,card,1,,pay_SYN00000144,2026-08-03T08:46:50+05:30
pa_000145,txn_000122,cust_0024,399900,INR,SUCCESS,,card,1,,pay_SYN00000145,2026-07-01T12:35:42+05:30
pa_000146,txn_000123,cust_0024,149900,INR,SUCCESS,,wallet,1,,pay_SYN00000146,2026-04-24T17:43:07+05:30
pa_000147,txn_000124,cust_0025,6499900,INR,SUCCESS,,card,1,,pay_SYN00000147,2026-05-25T21:21:44+05:30
pa_000148,txn_000125,cust_0025,799900,INR,SUCCESS,,netbanking,1,,pay_SYN00000148,2026-04-01T09:07:37+05:30
pa_000149,txn_000126,cust_0025,799900,INR,SUCCESS,,upi,1,,pay_SYN00000149,2026-03-18T22:13:04+05:30
pa_000150,txn_000127,cust_0025,149900,INR,SUCCESS,,wallet,1,,pay_SYN00000150,2026-07-21T20:47:57+05:30
pa_000151,txn_000128,cust_0025,299900,INR,SUCCESS,,wallet,1,,pay_SYN00000151,2026-04-12T16:33:28+05:30
pa_000152,txn_000129,cust_0025,249900,INR,SUCCESS,,wallet,1,,pay_SYN00000152,2026-07-20T05:34:27+05:30
pa_000153,txn_000130,cust_0026,2699700,INR,SUCCESS,,netbanking,1,,pay_SYN00000153,2026-03-13T18:11:56+05:30
pa_000154,txn_000131,cust_0026,299900,INR,SUCCESS,,upi,1,,pay_SYN00000154,2026-03-21T18:51:50+05:30
pa_000155,txn_000132,cust_0027,14900,INR,SUCCESS,,netbanking,1,,pay_SYN00000155,2026-08-22T15:30:06+05:30
pa_000156,txn_000133,cust_0030,49900,INR,SUCCESS,,upi,1,,pay_SYN00000156,2026-03-21T17:24:28+05:30
pa_000157,txn_000134,cust_0030,79900,INR,SUCCESS,,wallet,1,,pay_SYN00000157,2026-08-17T19:19:27+05:30
pa_000158,txn_000135,cust_0031,149700,INR,SUCCESS,,upi,1,,pay_SYN00000158,2026-07-10T15:10:27+05:30
pa_000159,txn_000136,cust_0032,299900,INR,SUCCESS,,wallet,1,,pay_SYN00000159,2026-03-26T16:04:25+05:30
pa_000160,txn_000137,cust_0033,14900,INR,SUCCESS,,upi,1,,pay_SYN00000160,2026-03-26T09:57:36+05:30
pa_000161,txn_000138,cust_0035,49900,INR,SUCCESS,,card,1,,pay_SYN00000161,2026-07-28T02:30:57+05:30
pa_000162,txn_000139,cust_0035,79900,INR,SUCCESS,,wallet,1,,pay_SYN00000162,2026-06-19T12:13:57+05:30
pa_000163,txn_000140,cust_0036,399900,INR,SUCCESS,,upi,1,,pay_SYN00000163,2026-03-26T21:55:25+05:30
pa_000164,txn_000141,cust_0037,1349700,INR,SUCCESS,,netbanking,1,,pay_SYN00000164,2026-04-14T16:06:02+05:30
pa_000165,txn_000142,cust_0037,799900,INR,SUCCESS,,card,1,,pay_SYN00000165,2026-05-27T04:26:13+05:30
pa_000166,txn_000143,cust_0038,149900,INR,SUCCESS,,wallet,1,,pay_SYN00000166,2026-08-21T13:34:43+05:30
pa_000167,txn_000144,cust_0038,399900,INR,SUCCESS,,card,1,,pay_SYN00000167,2026-03-27T14:09:11+05:30
pa_000168,txn_000145,cust_0038,149900,INR,SUCCESS,,netbanking,1,,pay_SYN00000168,2026-03-13T08:22:34+05:30
pa_000169,txn_000146,cust_0038,3999900,INR,SUCCESS,,card,1,,pay_SYN00000169,2026-05-25T11:01:47+05:30
pa_000170,txn_000147,cust_0039,129900,INR,SUCCESS,,wallet,1,,pay_SYN00000170,2026-08-20T12:44:16+05:30
pa_000171,txn_000148,cust_0039,129900,INR,SUCCESS,,card,1,,pay_SYN00000171,2026-08-15T16:35:56+05:30
pa_000172,txn_000149,cust_0040,3599700,INR,SUCCESS,,netbanking,1,,pay_SYN00000172,2026-05-04T15:09:59+05:30
pa_000173,txn_000150,cust_0040,899900,INR,SUCCESS,,netbanking,1,,pay_SYN00000173,2026-08-24T18:42:24+05:30
pa_000174,txn_000151,cust_0040,129900,INR,SUCCESS,,netbanking,1,,pay_SYN00000174,2026-06-18T17:49:09+05:30
pa_000175,txn_000152,cust_0040,449900,INR,SUCCESS,,netbanking,1,,pay_SYN00000175,2026-04-30T18:34:04+05:30
pa_000176,txn_000153,cust_0040,49900,INR,SUCCESS,,wallet,1,,pay_SYN00000176,2026-03-23T21:08:25+05:30
pa_000177,txn_000154,cust_0042,49900,INR,SUCCESS,,upi,1,,pay_SYN00000177,2026-08-14T16:17:20+05:30
pa_000178,txn_000155,cust_0043,399900,INR,SUCCESS,,wallet,1,,pay_SYN00000178,2026-08-23T14:56:33+05:30
pa_000179,txn_000156,cust_0045,899900,INR,SUCCESS,,card,1,,pay_SYN00000179,2026-05-19T17:09:32+05:30
pa_000180,txn_000157,cust_0045,899900,INR,SUCCESS,,upi,1,,pay_SYN00000180,2026-08-19T19:43:23+05:30
pa_000181,txn_000158,cust_0045,79900,INR,SUCCESS,,upi,1,,pay_SYN00000181,2026-07-29T18:27:38+05:30
pa_000182,txn_000159,cust_0045,249900,INR,SUCCESS,,netbanking,1,,pay_SYN00000182,2026-05-21T09:28:36+05:30
pa_000183,txn_000160,cust_0045,79900,INR,SUCCESS,,wallet,1,,pay_SYN00000183,2026-06-05T01:26:22+05:30
pa_000184,txn_000161,cust_0046,1499900,INR,SUCCESS,,card,1,,pay_SYN00000184,2026-05-31T19:50:21+05:30
pa_000185,txn_000162,cust_0046,299900,INR,SUCCESS,,wallet,1,,pay_SYN00000185,2026-06-29T06:26:14+05:30
pa_000186,txn_000163,cust_0046,299900,INR,SUCCESS,,netbanking,1,,pay_SYN00000186,2026-07-15T20:57:58+05:30
pa_000187,txn_000164,cust_0046,49900,INR,SUCCESS,,upi,1,,pay_SYN00000187,2026-05-01T14:16:11+05:30
pa_000188,txn_000165,cust_0046,129900,INR,SUCCESS,,card,1,,pay_SYN00000188,2026-03-10T11:51:14+05:30
pa_000189,txn_000166,cust_0048,14900,INR,SUCCESS,,card,1,,pay_SYN00000189,2026-03-30T18:00:49+05:30
pa_000190,txn_000167,cust_0049,399900,INR,SUCCESS,,netbanking,1,,pay_SYN00000190,2026-03-11T12:16:50+05:30
pa_000191,txn_000168,cust_0050,249900,INR,SUCCESS,,card,1,,pay_SYN00000191,2026-06-24T12:44:19+05:30
pa_000192,txn_000169,cust_0051,79900,INR,SUCCESS,,card,1,,pay_SYN00000192,2026-05-15T17:40:45+05:30
pa_000193,txn_000170,cust_0052,149900,INR,SUCCESS,,upi,1,,pay_SYN00000193,2026-06-12T15:32:57+05:30
pa_000194,txn_000171,cust_0053,149900,INR,SUCCESS,,netbanking,1,,pay_SYN00000194,2026-03-13T13:51:00+05:30
pa_000195,txn_000172,cust_0053,249900,INR,SUCCESS,,upi,1,,pay_SYN00000195,2026-06-30T11:28:35+05:30
pa_000196,txn_000173,cust_0053,899900,INR,SUCCESS,,netbanking,1,,pay_SYN00000196,2026-05-14T07:12:14+05:30
pa_000197,txn_000174,cust_0054,79900,INR,SUCCESS,,card,1,,pay_SYN00000197,2026-05-12T07:17:23+05:30
pa_000198,txn_000175,cust_0054,129900,INR,SUCCESS,,wallet,1,,pay_SYN00000198,2026-06-16T11:28:12+05:30
pa_000199,txn_000176,cust_0055,49900,INR,SUCCESS,,wallet,1,,pay_SYN00000199,2026-05-30T18:46:44+05:30
pa_000200,txn_000177,cust_0055,129900,INR,SUCCESS,,card,1,,pay_SYN00000200,2026-06-03T12:53:27+05:30
pa_000201,txn_000178,cust_0055,799900,INR,SUCCESS,,card,1,,pay_SYN00000201,2026-06-16T20:21:39+05:30
pa_000202,txn_000179,cust_0055,449900,INR,SUCCESS,,wallet,1,,pay_SYN00000202,2026-04-03T13:12:22+05:30
pa_000203,txn_000180,cust_0055,49900,INR,SUCCESS,,upi,1,,pay_SYN00000203,2026-04-23T20:43:24+05:30
pa_000204,txn_000181,cust_0058,449900,INR,SUCCESS,,wallet,1,,pay_SYN00000204,2026-03-07T12:44:07+05:30
pa_000205,txn_000182,cust_0058,1199900,INR,SUCCESS,,netbanking,1,,pay_SYN00000205,2026-08-28T12:06:01+05:30
pa_000206,txn_000183,cust_0058,79900,INR,SUCCESS,,upi,1,,pay_SYN00000206,2026-03-15T18:19:58+05:30
pa_000207,txn_000184,cust_0058,299900,INR,SUCCESS,,netbanking,1,,pay_SYN00000207,2026-05-11T18:32:24+05:30
pa_000208,txn_000185,cust_0059,1199900,INR,SUCCESS,,wallet,1,,pay_SYN00000208,2026-04-05T14:17:24+05:30
pa_000209,txn_000186,cust_0059,299900,INR,SUCCESS,,card,1,,pay_SYN00000209,2026-06-12T08:27:07+05:30
pa_000210,txn_000187,cust_0059,4499700,INR,SUCCESS,,wallet,1,,pay_SYN00000210,2026-07-30T09:03:11+05:30
pa_000211,txn_000188,cust_0065,149900,INR,SUCCESS,,netbanking,1,,pay_SYN00000211,2026-07-03T13:55:18+05:30
pa_000212,txn_000189,cust_0069,499800,INR,SUCCESS,,wallet,1,,pay_SYN00000212,2026-03-19T11:31:17+05:30
pa_000213,txn_000190,cust_0073,1499900,INR,SUCCESS,,wallet,1,,pay_SYN00000213,2026-07-31T12:37:19+05:30
pa_000214,txn_000191,cust_0073,79900,INR,SUCCESS,,netbanking,1,,pay_SYN00000214,2026-05-14T16:10:54+05:30
pa_000215,txn_000192,cust_0074,249900,INR,SUCCESS,,wallet,1,,pay_SYN00000215,2026-05-13T12:30:51+05:30
pa_000216,txn_000193,cust_0075,239700,INR,SUCCESS,,card,1,,pay_SYN00000216,2026-06-17T08:23:21+05:30
pa_000217,txn_000194,cust_0076,49900,INR,SUCCESS,,wallet,1,,pay_SYN00000217,2026-03-17T15:43:03+05:30
pa_000218,txn_000195,cust_0076,1199900,INR,SUCCESS,,upi,1,,pay_SYN00000218,2026-07-22T13:54:53+05:30
pa_000219,txn_000196,cust_0076,49900,INR,SUCCESS,,wallet,1,,pay_SYN00000219,2026-03-10T13:26:55+05:30
pa_000220,txn_000197,cust_0076,799900,INR,SUCCESS,,wallet,1,,pay_SYN00000220,2026-07-24T22:41:42+05:30
pa_000221,txn_000198,cust_0076,1199900,INR,SUCCESS,,netbanking,1,,pay_SYN00000221,2026-08-27T19:04:04+05:30
pa_000222,txn_000199,cust_0078,14900,INR,SUCCESS,,card,1,,pay_SYN00000222,2026-03-16T15:46:22+05:30
pa_000223,txn_000200,cust_0079,399900,INR,SUCCESS,,netbanking,1,,pay_SYN00000223,2026-04-29T13:28:07+05:30
pa_000224,txn_000201,cust_0079,899700,INR,SUCCESS,,wallet,1,,pay_SYN00000224,2026-04-08T20:45:06+05:30
pa_000225,txn_000202,cust_0079,3999900,INR,SUCCESS,,wallet,1,,pay_SYN00000225,2026-07-22T12:35:02+05:30
pa_000226,txn_000203,cust_0079,449900,INR,SUCCESS,,netbanking,1,,pay_SYN00000226,2026-07-18T16:18:30+05:30
pa_000227,txn_000204,cust_0080,1199900,INR,SUCCESS,,card,1,,pay_SYN00000227,2026-08-09T09:03:50+05:30
pa_000228,txn_000205,cust_0080,899900,INR,SUCCESS,,upi,1,,pay_SYN00000228,2026-03-11T22:46:23+05:30
pa_000229,txn_000206,cust_0080,1499900,INR,SUCCESS,,card,1,,pay_SYN00000229,2026-07-16T15:47:08+05:30
pa_000230,txn_000207,cust_0080,3999900,INR,SUCCESS,,card,1,,pay_SYN00000230,2026-05-07T10:17:44+05:30
pa_000231,txn_000208,cust_0081,449900,INR,SUCCESS,,netbanking,1,,pay_SYN00000231,2026-07-29T13:34:12+05:30
pa_000232,txn_000209,cust_0081,449900,INR,SUCCESS,,netbanking,1,,pay_SYN00000232,2026-07-05T14:29:26+05:30
pa_000233,txn_000210,cust_0081,399900,INR,SUCCESS,,wallet,1,,pay_SYN00000233,2026-07-11T19:22:50+05:30
pa_000234,txn_000211,cust_0081,399900,INR,SUCCESS,,upi,1,,pay_SYN00000234,2026-06-09T18:36:18+05:30
pa_000235,txn_000212,cust_0081,799900,INR,SUCCESS,,card,1,,pay_SYN00000235,2026-05-11T18:30:08+05:30
pa_000236,txn_000213,cust_0082,19900,INR,SUCCESS,,wallet,1,,pay_SYN00000236,2026-07-15T16:14:34+05:30
pa_000237,txn_000214,cust_0082,149900,INR,SUCCESS,,wallet,1,,pay_SYN00000237,2026-03-05T13:02:40+05:30
pa_000238,txn_000215,cust_0083,299900,INR,SUCCESS,,card,1,,pay_SYN00000238,2026-06-12T20:48:42+05:30
pa_000239,txn_000216,cust_0083,259800,INR,SUCCESS,,card,1,,pay_SYN00000239,2026-07-01T03:56:21+05:30
pa_000240,txn_000217,cust_0084,249900,INR,SUCCESS,,wallet,1,,pay_SYN00000240,2026-07-06T15:11:02+05:30
pa_000241,txn_000218,cust_0084,449900,INR,SUCCESS,,card,1,,pay_SYN00000241,2026-07-10T17:25:40+05:30
pa_000242,txn_000219,cust_0084,79900,INR,SUCCESS,,wallet,1,,pay_SYN00000242,2026-06-26T08:40:45+05:30
pa_000243,txn_000220,cust_0084,159800,INR,SUCCESS,,wallet,1,,pay_SYN00000243,2026-03-07T19:35:40+05:30
pa_000244,txn_000221,cust_0084,1199900,INR,SUCCESS,,wallet,1,,pay_SYN00000244,2026-04-09T11:59:51+05:30
pa_000245,txn_000222,cust_0085,249900,INR,SUCCESS,,netbanking,1,,pay_SYN00000245,2026-03-18T14:25:11+05:30
pa_000246,txn_000223,cust_0085,49900,INR,SUCCESS,,wallet,1,,pay_SYN00000246,2026-06-08T18:03:55+05:30
pa_000247,txn_000224,cust_0085,1799800,INR,SUCCESS,,upi,1,,pay_SYN00000247,2026-07-24T10:35:11+05:30
pa_000248,txn_000225,cust_0085,2999800,INR,SUCCESS,,netbanking,1,,pay_SYN00000248,2026-05-19T09:17:49+05:30
pa_000249,txn_000226,cust_0086,799900,INR,SUCCESS,,netbanking,1,,pay_SYN00000249,2026-06-15T17:17:41+05:30
pa_000250,txn_000227,cust_0086,449900,INR,SUCCESS,,upi,1,,pay_SYN00000250,2026-03-16T14:25:25+05:30
pa_000251,txn_000228,cust_0087,249900,INR,SUCCESS,,upi,1,,pay_SYN00000251,2026-05-27T21:22:18+05:30
pa_000252,txn_000229,cust_0089,749700,INR,SUCCESS,,upi,1,,pay_SYN00000252,2026-03-30T14:46:30+05:30
pa_000253,txn_000230,cust_0089,249900,INR,SUCCESS,,upi,1,,pay_SYN00000253,2026-04-08T19:10:46+05:30
pa_000254,txn_000231,cust_0090,14900,INR,SUCCESS,,wallet,1,,pay_SYN00000254,2026-07-21T16:50:57+05:30
pa_000255,txn_000232,cust_0091,449900,INR,SUCCESS,,netbanking,1,,pay_SYN00000255,2026-03-18T19:23:53+05:30
pa_000256,txn_000233,cust_0091,299800,INR,SUCCESS,,netbanking,1,,pay_SYN00000256,2026-03-16T08:51:38+05:30
pa_000257,txn_000234,cust_0092,799900,INR,SUCCESS,,card,1,,pay_SYN00000257,2026-04-14T20:51:58+05:30
pa_000258,txn_000235,cust_0092,799900,INR,SUCCESS,,upi,1,,pay_SYN00000258,2026-08-11T22:46:18+05:30
pa_000259,txn_000236,cust_0092,299900,INR,SUCCESS,,wallet,1,,pay_SYN00000259,2026-04-30T20:22:54+05:30
pa_000260,txn_000237,cust_0093,79900,INR,SUCCESS,,wallet,1,,pay_SYN00000260,2026-06-25T20:04:11+05:30
pa_000261,txn_000238,cust_0093,129900,INR,SUCCESS,,card,1,,pay_SYN00000261,2026-06-30T11:26:18+05:30
pa_000262,txn_000239,cust_0095,299900,INR,SUCCESS,,wallet,1,,pay_SYN00000262,2026-04-10T08:41:11+05:30
pa_000263,txn_000240,cust_0096,299900,INR,SUCCESS,,wallet,1,,pay_SYN00000263,2026-06-16T22:26:12+05:30
pa_000264,txn_000241,cust_0097,129900,INR,SUCCESS,,netbanking,1,,pay_SYN00000264,2026-05-28T18:24:42+05:30
pa_000265,txn_000242,cust_0099,449900,INR,SUCCESS,,wallet,1,,pay_SYN00000265,2026-06-30T20:09:34+05:30
pa_000266,txn_000243,cust_0099,799900,INR,SUCCESS,,netbanking,1,,pay_SYN00000266,2026-04-07T10:47:17+05:30
pa_000267,txn_000244,cust_0099,899700,INR,SUCCESS,,upi,1,,pay_SYN00000267,2026-05-08T10:20:13+05:30
pa_000268,txn_000245,cust_0099,249900,INR,SUCCESS,,wallet,1,,pay_SYN00000268,2026-05-22T18:17:12+05:30
pa_000269,txn_000246,cust_0099,399900,INR,SUCCESS,,card,1,,pay_SYN00000269,2026-03-22T17:37:00+05:30
pa_000270,txn_000247,cust_0100,19900,INR,SUCCESS,,netbanking,1,,pay_SYN00000270,2026-07-27T13:39:33+05:30
pa_000271,txn_000248,cust_0100,129900,INR,SUCCESS,,netbanking,1,,pay_SYN00000271,2026-08-05T11:24:18+05:30
pa_000272,txn_000249,cust_0101,399900,INR,SUCCESS,,netbanking,1,,pay_SYN00000272,2026-05-21T11:28:17+05:30
pa_000273,txn_000250,cust_0102,799900,INR,SUCCESS,,card,1,,pay_SYN00000273,2026-06-04T13:59:44+05:30
pa_000274,txn_000251,cust_0102,1799800,INR,SUCCESS,,upi,1,,pay_SYN00000274,2026-06-29T11:32:09+05:30
pa_000275,txn_000252,cust_0103,799900,INR,SUCCESS,,upi,1,,pay_SYN00000275,2026-08-28T17:54:37+05:30
pa_000276,txn_000253,cust_0103,2399800,INR,SUCCESS,,wallet,1,,pay_SYN00000276,2026-04-18T09:23:25+05:30
pa_000277,txn_000254,cust_0103,6499900,INR,SUCCESS,,card,1,,pay_SYN00000277,2026-07-28T07:58:29+05:30
pa_000278,txn_000255,cust_0103,2499900,INR,SUCCESS,,upi,1,,pay_SYN00000278,2026-07-17T18:26:51+05:30
pa_000279,txn_000256,cust_0103,12999800,INR,SUCCESS,,upi,1,,pay_SYN00000279,2026-03-29T13:29:44+05:30
pa_000280,txn_000257,cust_0103,799900,INR,SUCCESS,,netbanking,1,,pay_SYN00000280,2026-05-21T13:03:37+05:30
pa_000281,txn_000258,cust_0104,1199900,INR,SUCCESS,,card,1,,pay_SYN00000281,2026-05-25T12:52:26+05:30
pa_000282,txn_000259,cust_0104,449900,INR,SUCCESS,,netbanking,1,,pay_SYN00000282,2026-06-12T12:04:06+05:30
pa_000283,txn_000260,cust_0104,239700,INR,SUCCESS,,card,1,,pay_SYN00000283,2026-07-07T17:05:11+05:30
pa_000284,txn_000261,cust_0105,399900,INR,SUCCESS,,upi,1,,pay_SYN00000284,2026-06-17T18:14:00+05:30
pa_000285,txn_000262,cust_0106,49900,INR,SUCCESS,,wallet,1,,pay_SYN00000285,2026-06-17T21:45:50+05:30
pa_000286,txn_000263,cust_0106,399900,INR,SUCCESS,,netbanking,1,,pay_SYN00000286,2026-07-21T19:51:49+05:30
pa_000287,txn_000264,cust_0107,49900,INR,SUCCESS,,wallet,1,,pay_SYN00000287,2026-04-05T07:47:22+05:30
pa_000288,txn_000265,cust_0107,99800,INR,SUCCESS,,card,1,,pay_SYN00000288,2026-04-14T14:30:58+05:30
pa_000289,txn_000266,cust_0108,249900,INR,SUCCESS,,card,1,,pay_SYN00000289,2026-05-19T17:00:56+05:30
pa_000290,txn_000267,cust_0108,449900,INR,SUCCESS,,card,1,,pay_SYN00000290,2026-07-02T08:07:35+05:30
pa_000291,txn_000268,cust_0108,249900,INR,SUCCESS,,card,1,,pay_SYN00000291,2026-08-06T20:42:58+05:30
pa_000292,txn_000269,cust_0108,1499900,INR,SUCCESS,,wallet,1,,pay_SYN00000292,2026-07-21T14:56:45+05:30
pa_000293,txn_000270,cust_0109,1199900,INR,SUCCESS,,wallet,1,,pay_SYN00000293,2026-08-16T11:58:02+05:30
pa_000294,txn_000271,cust_0109,79900,INR,SUCCESS,,upi,1,,pay_SYN00000294,2026-04-24T06:26:10+05:30
pa_000295,txn_000272,cust_0109,149900,INR,SUCCESS,,upi,1,,pay_SYN00000295,2026-03-12T22:22:37+05:30
pa_000296,txn_000273,cust_0110,14900,INR,SUCCESS,,upi,1,,pay_SYN00000296,2026-04-24T19:09:06+05:30
pa_000297,txn_000274,cust_0110,149900,INR,SUCCESS,,upi,1,,pay_SYN00000297,2026-03-28T17:03:48+05:30
pa_000298,txn_000275,cust_0111,2999800,INR,SUCCESS,,upi,1,,pay_SYN00000298,2026-05-21T20:02:40+05:30
pa_000299,txn_000276,cust_0111,799900,INR,SUCCESS,,card,1,,pay_SYN00000299,2026-03-11T15:48:02+05:30
pa_000300,txn_000277,cust_0111,449900,INR,SUCCESS,,card,1,,pay_SYN00000300,2026-05-11T09:55:05+05:30
pa_000301,txn_000278,cust_0111,899900,INR,SUCCESS,,card,1,,pay_SYN00000301,2026-03-09T12:07:06+05:30
pa_000302,txn_000279,cust_0112,399900,INR,SUCCESS,,wallet,1,,pay_SYN00000302,2026-06-15T17:37:43+05:30
pa_000303,txn_000280,cust_0113,49900,INR,SUCCESS,,card,1,,pay_SYN00000303,2026-05-27T07:28:12+05:30
pa_000304,txn_000281,cust_0113,249900,INR,SUCCESS,,wallet,1,,pay_SYN00000304,2026-08-05T22:37:55+05:30
pa_000305,txn_000282,cust_0114,49900,INR,SUCCESS,,card,1,,pay_SYN00000305,2026-03-22T19:53:46+05:30
pa_000306,txn_000283,cust_0115,49900,INR,SUCCESS,,card,1,,pay_SYN00000306,2026-09-01T20:55:34+05:30
pa_000307,txn_000284,cust_0116,19900,INR,SUCCESS,,card,1,,pay_SYN00000307,2026-07-09T16:43:50+05:30
pa_000308,txn_000285,cust_0116,14900,INR,SUCCESS,,wallet,1,,pay_SYN00000308,2026-05-22T20:15:57+05:30
pa_000309,txn_000286,cust_0118,249900,INR,SUCCESS,,wallet,1,,pay_SYN00000309,2026-05-26T14:50:55+05:30
pa_000310,txn_000287,cust_0119,79900,INR,SUCCESS,,card,1,,pay_SYN00000310,2026-03-26T15:51:55+05:30
pa_000311,txn_000288,cust_0119,799900,INR,SUCCESS,,netbanking,1,,pay_SYN00000311,2026-05-22T23:32:55+05:30
pa_000312,txn_000289,cust_0119,799900,INR,SUCCESS,,card,1,,pay_SYN00000312,2026-04-21T20:30:55+05:30
pa_000313,txn_000290,cust_0119,129900,INR,SUCCESS,,upi,1,,pay_SYN00000313,2026-08-06T06:32:09+05:30
pa_000314,txn_000291,cust_0119,899900,INR,SUCCESS,,card,1,,pay_SYN00000314,2026-07-20T07:02:16+05:30
pa_000315,txn_000292,cust_0120,299900,INR,SUCCESS,,upi,1,,pay_SYN00000315,2026-03-24T23:40:31+05:30
pa_000316,txn_000293,cust_0120,1199700,INR,SUCCESS,,netbanking,1,,pay_SYN00000316,2026-08-06T07:44:40+05:30
pa_000317,txn_000294,cust_0120,79900,INR,SUCCESS,,upi,1,,pay_SYN00000317,2026-04-29T22:40:06+05:30
pa_000318,txn_000295,cust_0120,899900,INR,SUCCESS,,netbanking,1,,pay_SYN00000318,2026-06-24T19:19:35+05:30
pa_000319,txn_000296,cust_0121,2699700,INR,SUCCESS,,netbanking,1,,pay_SYN00000319,2026-07-06T18:39:42+05:30
pa_000320,txn_000297,cust_0121,899900,INR,SUCCESS,,wallet,1,,pay_SYN00000320,2026-08-06T07:13:12+05:30
pa_000321,txn_000298,cust_0121,149900,INR,SUCCESS,,netbanking,1,,pay_SYN00000321,2026-06-24T04:42:46+05:30
pa_000322,txn_000299,cust_0121,1199700,INR,SUCCESS,,wallet,1,,pay_SYN00000322,2026-08-14T08:04:26+05:30
pa_000323,txn_000300,cust_0122,49900,INR,SUCCESS,,upi,1,,pay_SYN00000323,2026-05-20T11:38:01+05:30
pa_000324,txn_000301,cust_0122,14900,INR,SUCCESS,,netbanking,1,,pay_SYN00000324,2026-04-29T20:55:48+05:30
pa_000325,txn_000302,cust_0123,3999900,INR,SUCCESS,,wallet,1,,pay_SYN00000325,2026-07-17T22:21:48+05:30
pa_000326,txn_000303,cust_0123,899900,INR,SUCCESS,,card,1,,pay_SYN00000326,2026-07-08T14:06:11+05:30
pa_000327,txn_000304,cust_0123,2499900,INR,SUCCESS,,netbanking,1,,pay_SYN00000327,2026-03-14T08:18:48+05:30
pa_000328,txn_000305,cust_0123,249900,INR,SUCCESS,,upi,1,,pay_SYN00000328,2026-04-02T15:04:30+05:30
pa_000329,txn_000306,cust_0123,299900,INR,SUCCESS,,card,1,,pay_SYN00000329,2026-08-06T12:36:24+05:30
pa_000330,txn_000307,cust_0123,2399700,INR,SUCCESS,,card,1,,pay_SYN00000330,2026-07-11T13:43:35+05:30
pa_000331,txn_000308,cust_0123,249900,INR,SUCCESS,,upi,1,,pay_SYN00000331,2026-07-03T15:57:31+05:30
pa_000332,txn_000309,cust_0123,6499900,INR,SUCCESS,,netbanking,1,,pay_SYN00000332,2026-07-30T08:00:48+05:30
pa_000333,txn_000310,cust_0124,129900,INR,SUCCESS,,upi,1,,pay_SYN00000333,2026-08-21T19:55:04+05:30
pa_000334,txn_000311,cust_0124,99800,INR,SUCCESS,,card,1,,pay_SYN00000334,2026-06-06T15:54:17+05:30
pa_000335,txn_000312,cust_0125,2499900,INR,SUCCESS,,card,1,,pay_SYN00000335,2026-07-10T17:40:45+05:30
pa_000336,txn_000313,cust_0125,799900,INR,SUCCESS,,upi,1,,pay_SYN00000336,2026-06-15T15:57:03+05:30
pa_000337,txn_000314,cust_0125,149900,INR,SUCCESS,,netbanking,1,,pay_SYN00000337,2026-03-19T13:38:11+05:30
pa_000338,txn_000315,cust_0125,299900,INR,SUCCESS,,upi,1,,pay_SYN00000338,2026-06-09T11:19:29+05:30
pa_000339,txn_000316,cust_0125,899800,INR,SUCCESS,,wallet,1,,pay_SYN00000339,2026-07-30T22:45:45+05:30
pa_000340,txn_000317,cust_0125,2499900,INR,SUCCESS,,card,1,,pay_SYN00000340,2026-05-12T20:22:23+05:30
pa_000341,txn_000318,cust_0125,1199900,INR,SUCCESS,,netbanking,1,,pay_SYN00000341,2026-04-03T19:04:35+05:30
pa_000342,txn_000319,cust_0128,249900,INR,SUCCESS,,upi,1,,pay_SYN00000342,2026-05-28T11:37:30+05:30
pa_000343,txn_000320,cust_0128,599800,INR,SUCCESS,,netbanking,1,,pay_SYN00000343,2026-07-27T17:19:16+05:30
pa_000344,txn_000321,cust_0128,2699700,INR,SUCCESS,,netbanking,1,,pay_SYN00000344,2026-05-15T11:04:41+05:30
pa_000345,txn_000322,cust_0128,1199900,INR,SUCCESS,,netbanking,1,,pay_SYN00000345,2026-05-19T12:56:52+05:30
pa_000346,txn_000323,cust_0128,8999900,INR,SUCCESS,,wallet,1,,pay_SYN00000346,2026-05-19T09:53:40+05:30
pa_000347,txn_000324,cust_0128,2499900,INR,SUCCESS,,upi,1,,pay_SYN00000347,2026-07-20T19:18:08+05:30
pa_000348,txn_000325,cust_0128,8999900,INR,SUCCESS,,netbanking,1,,pay_SYN00000348,2026-05-03T15:20:01+05:30
pa_000349,txn_000326,cust_0128,8999900,INR,SUCCESS,,card,1,,pay_SYN00000349,2026-03-20T19:52:08+05:30
pa_000350,txn_000327,cust_0129,299900,INR,SUCCESS,,wallet,1,,pay_SYN00000350,2026-08-17T17:27:04+05:30
pa_000351,txn_000328,cust_0129,299900,INR,SUCCESS,,wallet,1,,pay_SYN00000351,2026-06-18T15:48:21+05:30
pa_000352,txn_000329,cust_0129,129900,INR,SUCCESS,,card,1,,pay_SYN00000352,2026-05-09T14:00:50+05:30
pa_000353,txn_000330,cust_0131,79900,INR,SUCCESS,,wallet,1,,pay_SYN00000353,2026-08-22T14:26:01+05:30
pa_000354,txn_000331,cust_0131,79900,INR,SUCCESS,,upi,1,,pay_SYN00000354,2026-04-02T13:30:58+05:30
pa_000355,txn_000332,cust_0132,259800,INR,SUCCESS,,netbanking,1,,pay_SYN00000355,2026-07-09T19:25:37+05:30
pa_000356,txn_000333,cust_0132,79900,INR,SUCCESS,,wallet,1,,pay_SYN00000356,2026-08-13T18:04:53+05:30
pa_000357,txn_000334,cust_0132,1199900,INR,SUCCESS,,netbanking,1,,pay_SYN00000357,2026-07-29T20:28:17+05:30
pa_000358,txn_000335,cust_0132,799900,INR,SUCCESS,,upi,1,,pay_SYN00000358,2026-04-01T14:09:16+05:30
pa_000359,txn_000336,cust_0133,449900,INR,SUCCESS,,wallet,1,,pay_SYN00000359,2026-04-26T20:25:16+05:30
pa_000360,txn_000337,cust_0133,1499900,INR,SUCCESS,,card,1,,pay_SYN00000360,2026-04-16T12:41:00+05:30
pa_000361,txn_000338,cust_0133,6499900,INR,SUCCESS,,wallet,1,,pay_SYN00000361,2026-03-25T10:30:58+05:30
pa_000362,txn_000339,cust_0133,1599800,INR,SUCCESS,,netbanking,1,,pay_SYN00000362,2026-05-12T11:52:25+05:30
pa_000363,txn_000340,cust_0134,129900,INR,SUCCESS,,card,1,,pay_SYN00000363,2026-06-16T19:12:01+05:30
pa_000364,txn_000341,cust_0134,899900,INR,SUCCESS,,upi,1,,pay_SYN00000364,2026-05-16T15:43:10+05:30
pa_000365,txn_000342,cust_0134,159800,INR,SUCCESS,,upi,1,,pay_SYN00000365,2026-04-06T20:27:00+05:30
pa_000366,txn_000343,cust_0135,449900,INR,SUCCESS,,netbanking,1,,pay_SYN00000366,2026-04-15T13:37:30+05:30
pa_000367,txn_000344,cust_0135,79900,INR,SUCCESS,,card,1,,pay_SYN00000367,2026-05-01T19:40:34+05:30
pa_000368,txn_000345,cust_0135,49900,INR,SUCCESS,,netbanking,1,,pay_SYN00000368,2026-03-30T19:24:32+05:30
pa_000369,txn_000346,cust_0135,449900,INR,SUCCESS,,wallet,1,,pay_SYN00000369,2026-04-29T12:26:30+05:30
pa_000370,txn_000347,cust_0136,149900,INR,SUCCESS,,upi,1,,pay_SYN00000370,2026-06-22T13:51:23+05:30
pa_000371,txn_000348,cust_0136,1499900,INR,SUCCESS,,upi,1,,pay_SYN00000371,2026-05-14T12:20:35+05:30
pa_000372,txn_000349,cust_0136,299900,INR,SUCCESS,,upi,1,,pay_SYN00000372,2026-04-17T19:38:20+05:30
pa_000373,txn_000350,cust_0137,129900,INR,SUCCESS,,wallet,1,,pay_SYN00000373,2026-04-20T14:30:14+05:30
pa_000374,txn_000351,cust_0138,299800,INR,SUCCESS,,wallet,1,,pay_SYN00000374,2026-04-09T19:47:51+05:30
pa_000375,txn_000352,cust_0138,2399700,INR,SUCCESS,,wallet,1,,pay_SYN00000375,2026-07-13T20:10:07+05:30
pa_000376,txn_000353,cust_0138,3599700,INR,SUCCESS,,wallet,1,,pay_SYN00000376,2026-06-26T08:56:00+05:30
pa_000377,txn_000354,cust_0139,129900,INR,SUCCESS,,upi,1,,pay_SYN00000377,2026-08-11T06:06:11+05:30
pa_000378,txn_000355,cust_0139,399900,INR,SUCCESS,,card,1,,pay_SYN00000378,2026-07-06T20:48:01+05:30
pa_000379,txn_000356,cust_0139,79900,INR,SUCCESS,,card,1,,pay_SYN00000379,2026-05-21T18:19:51+05:30
pa_000380,txn_000357,cust_0139,299900,INR,SUCCESS,,card,1,,pay_SYN00000380,2026-08-21T13:02:12+05:30
pa_000381,txn_000358,cust_0139,49900,INR,SUCCESS,,upi,1,,pay_SYN00000381,2026-07-20T12:52:21+05:30
pa_000382,txn_000359,cust_0140,8999900,INR,SUCCESS,,wallet,1,,pay_SYN00000382,2026-04-20T22:07:16+05:30
pa_000383,txn_000360,cust_0140,6499900,INR,SUCCESS,,wallet,1,,pay_SYN00000383,2026-05-13T18:53:29+05:30
pa_000384,txn_000361,cust_0140,399900,INR,SUCCESS,,wallet,1,,pay_SYN00000384,2026-05-29T19:15:30+05:30
pa_000385,txn_000362,cust_0140,399900,INR,SUCCESS,,card,1,,pay_SYN00000385,2026-04-07T10:36:44+05:30
pa_000386,txn_000363,cust_0140,2699700,INR,SUCCESS,,wallet,1,,pay_SYN00000386,2026-07-13T12:19:30+05:30
pa_000387,txn_000364,cust_0140,449900,INR,SUCCESS,,netbanking,1,,pay_SYN00000387,2026-07-02T14:46:30+05:30
pa_000388,txn_000365,cust_0140,249900,INR,SUCCESS,,card,1,,pay_SYN00000388,2026-07-14T18:45:06+05:30
pa_000389,txn_000366,cust_0140,299900,INR,SUCCESS,,card,1,,pay_SYN00000389,2026-03-20T23:24:41+05:30
pa_000390,txn_000367,cust_0142,14900,INR,SUCCESS,,upi,1,,pay_SYN00000390,2026-03-18T10:33:45+05:30
pa_000391,txn_000368,cust_0142,399900,INR,SUCCESS,,upi,1,,pay_SYN00000391,2026-07-25T18:50:59+05:30
pa_000392,txn_000369,cust_0143,899900,INR,SUCCESS,,upi,1,,pay_SYN00000392,2026-08-26T18:59:56+05:30
pa_000393,txn_000370,cust_0143,899900,INR,SUCCESS,,upi,1,,pay_SYN00000393,2026-05-21T19:58:38+05:30
pa_000394,txn_000371,cust_0143,899900,INR,SUCCESS,,upi,1,,pay_SYN00000394,2026-06-28T16:01:02+05:30
pa_000395,txn_000372,cust_0143,1499900,INR,SUCCESS,,wallet,1,,pay_SYN00000395,2026-05-31T15:29:31+05:30
pa_000396,txn_000373,cust_0143,79900,INR,SUCCESS,,card,1,,pay_SYN00000396,2026-07-16T09:18:32+05:30
pa_000397,txn_000374,cust_0145,129900,INR,SUCCESS,,wallet,1,,pay_SYN00000397,2026-03-06T12:11:00+05:30
pa_000398,txn_000375,cust_0145,129900,INR,SUCCESS,,upi,1,,pay_SYN00000398,2026-06-11T18:00:55+05:30
pa_000399,txn_000376,cust_0145,49900,INR,SUCCESS,,card,1,,pay_SYN00000399,2026-03-05T16:58:05+05:30
pa_000400,txn_000377,cust_0145,129900,INR,SUCCESS,,netbanking,1,,pay_SYN00000400,2026-07-16T20:14:16+05:30
pa_000401,txn_000378,cust_0146,49900,INR,SUCCESS,,card,1,,pay_SYN00000401,2026-03-07T14:49:20+05:30
pa_000402,txn_000379,cust_0146,1199900,INR,SUCCESS,,wallet,1,,pay_SYN00000402,2026-03-14T19:19:31+05:30
pa_000403,txn_000380,cust_0146,249900,INR,SUCCESS,,upi,1,,pay_SYN00000403,2026-04-06T17:09:15+05:30
pa_000404,txn_000381,cust_0147,899900,INR,SUCCESS,,netbanking,1,,pay_SYN00000404,2026-03-03T17:51:31+05:30
pa_000405,txn_000382,cust_0147,299900,INR,SUCCESS,,upi,1,,pay_SYN00000405,2026-04-08T11:54:17+05:30
pa_000406,txn_000383,cust_0147,449900,INR,SUCCESS,,card,1,,pay_SYN00000406,2026-04-15T04:07:26+05:30
pa_000407,txn_000384,cust_0148,299900,INR,SUCCESS,,wallet,1,,pay_SYN00000407,2026-06-21T20:21:11+05:30
pa_000408,txn_000385,cust_0148,39800,INR,SUCCESS,,card,1,,pay_SYN00000408,2026-07-21T17:28:14+05:30
pa_000409,txn_000386,cust_0149,49900,INR,SUCCESS,,netbanking,1,,pay_SYN00000409,2026-04-27T14:16:47+05:30
pa_000410,txn_000387,cust_0149,14900,INR,SUCCESS,,netbanking,1,,pay_SYN00000410,2026-07-19T17:11:44+05:30
pa_000411,txn_000388,cust_0150,449700,INR,SUCCESS,,wallet,1,,pay_SYN00000411,2026-03-30T20:34:25+05:30
pa_000412,txn_000389,cust_0152,149900,INR,SUCCESS,,upi,1,,pay_SYN00000412,2026-03-11T09:53:42+05:30
pa_000413,txn_000390,cust_0152,899900,INR,SUCCESS,,wallet,1,,pay_SYN00000413,2026-08-05T09:42:28+05:30
pa_000414,txn_000391,cust_0154,799900,INR,SUCCESS,,upi,1,,pay_SYN00000414,2026-05-12T13:54:38+05:30
pa_000415,txn_000392,cust_0154,8999900,INR,SUCCESS,,netbanking,1,,pay_SYN00000415,2026-08-08T11:29:30+05:30
pa_000416,txn_000393,cust_0154,799900,INR,SUCCESS,,upi,1,,pay_SYN00000416,2026-03-07T11:33:27+05:30
pa_000417,txn_000394,cust_0154,399900,INR,SUCCESS,,upi,1,,pay_SYN00000417,2026-04-23T11:58:38+05:30
pa_000418,txn_000395,cust_0154,1199900,INR,SUCCESS,,netbanking,1,,pay_SYN00000418,2026-03-17T16:49:22+05:30
pa_000419,txn_000396,cust_0154,249900,INR,SUCCESS,,netbanking,1,,pay_SYN00000419,2026-04-25T12:24:51+05:30
pa_000420,txn_000397,cust_0154,2499900,INR,SUCCESS,,wallet,1,,pay_SYN00000420,2026-05-29T14:03:16+05:30
pa_000421,txn_000398,cust_0154,299900,INR,SUCCESS,,card,1,,pay_SYN00000421,2026-05-04T20:18:04+05:30
pa_000422,txn_000399,cust_0155,129900,INR,SUCCESS,,netbanking,1,,pay_SYN00000422,2026-04-01T19:59:25+05:30
pa_000423,txn_000400,cust_0155,49900,INR,SUCCESS,,netbanking,1,,pay_SYN00000423,2026-06-09T16:07:26+05:30
pa_000424,txn_000401,cust_0155,1199900,INR,SUCCESS,,wallet,1,,pay_SYN00000424,2026-04-17T16:47:24+05:30
pa_000425,txn_000402,cust_0155,449900,INR,SUCCESS,,netbanking,1,,pay_SYN00000425,2026-05-20T18:02:47+05:30
pa_000426,txn_000403,cust_0156,49900,INR,SUCCESS,,upi,1,,pay_SYN00000426,2026-03-24T19:22:51+05:30
pa_000427,txn_000404,cust_0157,389700,INR,SUCCESS,,upi,1,,pay_SYN00000427,2026-07-31T14:48:53+05:30
pa_000428,txn_000405,cust_0157,149700,INR,SUCCESS,,card,1,,pay_SYN00000428,2026-06-20T16:52:23+05:30
pa_000429,txn_000406,cust_0158,1199900,INR,SUCCESS,,card,1,,pay_SYN00000429,2026-07-09T17:56:56+05:30
pa_000430,txn_000407,cust_0158,239700,INR,SUCCESS,,upi,1,,pay_SYN00000430,2026-05-14T09:06:39+05:30
pa_000431,txn_000408,cust_0158,129900,INR,SUCCESS,,card,1,,pay_SYN00000431,2026-06-10T08:34:19+05:30
pa_000432,txn_000409,cust_0158,399900,INR,SUCCESS,,card,1,,pay_SYN00000432,2026-04-20T14:23:09+05:30
pa_000433,txn_000410,cust_0158,49900,INR,SUCCESS,,netbanking,1,,pay_SYN00000433,2026-06-13T09:56:16+05:30
pa_000434,txn_000411,cust_0159,399900,INR,SUCCESS,,upi,1,,pay_SYN00000434,2026-06-25T17:53:01+05:30
pa_000435,txn_000412,cust_0159,499800,INR,SUCCESS,,card,1,,pay_SYN00000435,2026-04-17T14:00:16+05:30
pa_000436,txn_000413,cust_0159,449900,INR,SUCCESS,,card,1,,pay_SYN00000436,2026-07-10T09:31:31+05:30
pa_000437,txn_000414,cust_0159,799900,INR,SUCCESS,,wallet,1,,pay_SYN00000437,2026-08-20T14:32:17+05:30
pa_000438,txn_000415,cust_0159,249900,INR,SUCCESS,,netbanking,1,,pay_SYN00000438,2026-03-24T20:05:48+05:30
pa_000439,txn_000416,cust_0159,449900,INR,SUCCESS,,wallet,1,,pay_SYN00000439,2026-05-06T20:23:15+05:30
pa_000440,txn_000417,cust_0160,3999900,INR,SUCCESS,,upi,1,,pay_SYN00000440,2026-06-19T21:05:06+05:30
pa_000441,txn_000418,cust_0160,399900,INR,SUCCESS,,wallet,1,,pay_SYN00000441,2026-07-06T13:18:58+05:30
pa_000442,txn_000419,cust_0160,1199900,INR,SUCCESS,,netbanking,1,,pay_SYN00000442,2026-06-20T18:02:58+05:30
pa_000443,txn_000420,cust_0160,449900,INR,SUCCESS,,wallet,1,,pay_SYN00000443,2026-06-14T09:44:31+05:30
pa_000444,txn_000421,cust_0160,299900,INR,SUCCESS,,netbanking,1,,pay_SYN00000444,2026-05-04T18:01:19+05:30
pa_000445,txn_000422,cust_0160,4999800,INR,SUCCESS,,netbanking,1,,pay_SYN00000445,2026-07-10T11:04:30+05:30
pa_000446,txn_000423,cust_0160,1499900,INR,SUCCESS,,upi,1,,pay_SYN00000446,2026-08-17T12:44:14+05:30
pa_000447,txn_000424,cust_0160,899900,INR,SUCCESS,,upi,1,,pay_SYN00000447,2026-06-26T11:15:47+05:30
pa_000448,txn_000425,cust_0161,1499900,INR,SUCCESS,,card,1,,pay_SYN00000448,2026-04-05T22:48:09+05:30
pa_000449,txn_000426,cust_0161,149900,INR,SUCCESS,,netbanking,1,,pay_SYN00000449,2026-05-24T10:42:08+05:30
pa_000450,txn_000427,cust_0161,399900,INR,SUCCESS,,upi,1,,pay_SYN00000450,2026-08-25T09:38:58+05:30
pa_000451,txn_000428,cust_0161,6499900,INR,SUCCESS,,upi,1,,pay_SYN00000451,2026-08-03T18:23:06+05:30
pa_000452,txn_000429,cust_0161,449900,INR,SUCCESS,,upi,1,,pay_SYN00000452,2026-04-28T19:28:39+05:30
pa_000453,txn_000430,cust_0161,149900,INR,SUCCESS,,wallet,1,,pay_SYN00000453,2026-03-13T23:02:30+05:30
pa_000454,txn_000431,cust_0161,799900,INR,SUCCESS,,card,1,,pay_SYN00000454,2026-05-02T14:15:33+05:30
pa_000455,txn_000432,cust_0161,1199700,INR,SUCCESS,,upi,1,,pay_SYN00000455,2026-04-25T19:36:25+05:30
pa_000456,txn_000433,cust_0162,79900,INR,SUCCESS,,card,1,,pay_SYN00000456,2026-07-05T12:04:30+05:30
pa_000457,txn_000434,cust_0163,4499700,INR,SUCCESS,,upi,1,,pay_SYN00000457,2026-03-27T17:33:11+05:30
pa_000458,txn_000435,cust_0163,79900,INR,SUCCESS,,card,1,,pay_SYN00000458,2026-04-20T14:12:52+05:30
pa_000459,txn_000436,cust_0163,899900,INR,SUCCESS,,card,1,,pay_SYN00000459,2026-06-30T19:04:57+05:30
pa_000460,txn_000437,cust_0164,399900,INR,SUCCESS,,netbanking,1,,pay_SYN00000460,2026-08-19T21:40:52+05:30
pa_000461,txn_000438,cust_0164,1199900,INR,SUCCESS,,card,1,,pay_SYN00000461,2026-03-08T12:49:34+05:30
pa_000462,txn_000439,cust_0164,149900,INR,SUCCESS,,netbanking,1,,pay_SYN00000462,2026-07-08T14:44:38+05:30
pa_000463,txn_000440,cust_0164,79900,INR,SUCCESS,,netbanking,1,,pay_SYN00000463,2026-04-30T16:18:15+05:30
pa_000464,txn_000441,cust_0164,249900,INR,SUCCESS,,netbanking,1,,pay_SYN00000464,2026-07-14T11:05:27+05:30
pa_000465,txn_000442,cust_0165,399900,INR,SUCCESS,,card,1,,pay_SYN00000465,2026-06-06T20:58:00+05:30
pa_000466,txn_000443,cust_0165,249900,INR,SUCCESS,,wallet,1,,pay_SYN00000466,2026-03-11T16:22:47+05:30
pa_000467,txn_000444,cust_0166,399900,INR,SUCCESS,,upi,1,,pay_SYN00000467,2026-08-24T12:58:38+05:30
pa_000468,txn_000445,cust_0167,14900,INR,SUCCESS,,netbanking,1,,pay_SYN00000468,2026-03-20T12:23:40+05:30
pa_000469,txn_000446,cust_0167,14900,INR,SUCCESS,,card,1,,pay_SYN00000469,2026-05-29T09:05:51+05:30
pa_000470,txn_000447,cust_0168,399900,INR,SUCCESS,,netbanking,1,,pay_SYN00000470,2026-05-22T19:49:03+05:30
pa_000471,txn_000448,cust_0168,449900,INR,SUCCESS,,card,1,,pay_SYN00000471,2026-08-29T15:57:02+05:30
pa_000472,txn_000449,cust_0168,799900,INR,SUCCESS,,upi,1,,pay_SYN00000472,2026-05-05T17:00:17+05:30
pa_000473,txn_000450,cust_0168,799900,INR,SUCCESS,,netbanking,1,,pay_SYN00000473,2026-06-08T17:43:35+05:30
pa_000474,txn_000451,cust_0168,1499900,INR,SUCCESS,,card,1,,pay_SYN00000474,2026-03-10T12:33:35+05:30
pa_000475,txn_000452,cust_0168,6499900,INR,SUCCESS,,upi,1,,pay_SYN00000475,2026-07-13T13:57:18+05:30
pa_000476,txn_000453,cust_0169,149900,INR,SUCCESS,,wallet,1,,pay_SYN00000476,2026-06-14T12:28:56+05:30
pa_000477,txn_000454,cust_0169,8999900,INR,SUCCESS,,upi,1,,pay_SYN00000477,2026-03-24T11:04:38+05:30
pa_000478,txn_000455,cust_0169,2499900,INR,SUCCESS,,netbanking,1,,pay_SYN00000478,2026-03-30T09:11:57+05:30
pa_000479,txn_000456,cust_0169,1499900,INR,SUCCESS,,netbanking,1,,pay_SYN00000479,2026-07-10T15:03:05+05:30
pa_000480,txn_000457,cust_0169,1599800,INR,SUCCESS,,wallet,1,,pay_SYN00000480,2026-08-22T14:25:44+05:30
pa_000481,txn_000458,cust_0169,8999900,INR,SUCCESS,,wallet,1,,pay_SYN00000481,2026-04-08T15:03:19+05:30
pa_000482,txn_000459,cust_0169,249900,INR,SUCCESS,,upi,1,,pay_SYN00000482,2026-08-31T14:43:34+05:30
pa_000483,txn_000460,cust_0170,79900,INR,SUCCESS,,wallet,1,,pay_SYN00000483,2026-06-13T07:14:16+05:30
pa_000484,txn_000461,cust_0170,249900,INR,SUCCESS,,upi,1,,pay_SYN00000484,2026-03-03T10:09:44+05:30
pa_000485,txn_000462,cust_0170,1199900,INR,SUCCESS,,netbanking,1,,pay_SYN00000485,2026-07-22T20:38:22+05:30
pa_000486,txn_000463,cust_0170,249900,INR,SUCCESS,,card,1,,pay_SYN00000486,2026-09-01T08:34:26+05:30
pa_000487,txn_000464,cust_0170,49900,INR,SUCCESS,,netbanking,1,,pay_SYN00000487,2026-05-07T16:01:15+05:30
pa_000488,txn_000465,cust_0171,19900,INR,SUCCESS,,wallet,1,,pay_SYN00000488,2026-03-15T18:39:42+05:30
pa_000489,txn_000466,cust_0172,49900,INR,SUCCESS,,upi,1,,pay_SYN00000489,2026-06-13T21:51:25+05:30
pa_000490,txn_000467,cust_0172,899900,INR,SUCCESS,,card,1,,pay_SYN00000490,2026-06-01T20:00:47+05:30
pa_000491,txn_000468,cust_0172,899900,INR,SUCCESS,,netbanking,1,,pay_SYN00000491,2026-08-28T13:18:02+05:30
pa_000492,txn_000469,cust_0172,799900,INR,SUCCESS,,netbanking,1,,pay_SYN00000492,2026-05-01T13:12:13+05:30
pa_000493,txn_000470,cust_0172,79900,INR,SUCCESS,,card,1,,pay_SYN00000493,2026-06-03T10:24:21+05:30
pa_000494,txn_000471,cust_0173,1799800,INR,SUCCESS,,upi,1,,pay_SYN00000494,2026-05-31T10:20:00+05:30
pa_000495,txn_000472,cust_0173,79900,INR,SUCCESS,,upi,1,,pay_SYN00000495,2026-05-25T11:54:53+05:30
pa_000496,txn_000473,cust_0174,149900,INR,SUCCESS,,netbanking,1,,pay_SYN00000496,2026-04-24T12:20:03+05:30
pa_000497,txn_000474,cust_0177,79900,INR,SUCCESS,,upi,1,,pay_SYN00000497,2026-03-17T15:00:22+05:30
pa_000498,txn_000475,cust_0179,19900,INR,SUCCESS,,netbanking,1,,pay_SYN00000498,2026-05-12T16:37:29+05:30
pa_000499,txn_000476,cust_0179,399900,INR,SUCCESS,,netbanking,1,,pay_SYN00000499,2026-07-07T19:40:01+05:30
pa_000500,txn_000477,cust_0180,799900,INR,SUCCESS,,upi,1,,pay_SYN00000500,2026-06-14T16:37:07+05:30
pa_000501,txn_000478,cust_0180,899900,INR,SUCCESS,,upi,1,,pay_SYN00000501,2026-08-09T14:01:42+05:30
pa_000502,txn_000479,cust_0180,1199700,INR,SUCCESS,,upi,1,,pay_SYN00000502,2026-03-17T20:12:07+05:30
pa_000503,txn_000480,cust_0180,49900,INR,SUCCESS,,wallet,1,,pay_SYN00000503,2026-05-14T18:32:35+05:30
pa_000504,txn_000481,cust_0181,449900,INR,SUCCESS,,upi,1,,pay_SYN00000504,2026-04-08T14:29:37+05:30
pa_000505,txn_000482,cust_0181,149900,INR,SUCCESS,,upi,1,,pay_SYN00000505,2026-04-18T11:37:34+05:30
pa_000506,txn_000483,cust_0181,449900,INR,SUCCESS,,upi,1,,pay_SYN00000506,2026-03-26T07:34:41+05:30
pa_000507,txn_000484,cust_0181,149900,INR,SUCCESS,,upi,1,,pay_SYN00000507,2026-03-09T15:09:41+05:30
pa_000508,txn_000485,cust_0182,19900,INR,SUCCESS,,netbanking,1,,pay_SYN00000508,2026-04-24T11:09:00+05:30
pa_000509,txn_000486,cust_0182,49900,INR,SUCCESS,,card,1,,pay_SYN00000509,2026-06-12T08:02:02+05:30
pa_000510,txn_000487,cust_0183,129900,INR,SUCCESS,,upi,1,,pay_SYN00000510,2026-06-27T21:06:14+05:30
pa_000511,txn_000488,cust_0183,449900,INR,SUCCESS,,card,1,,pay_SYN00000511,2026-03-11T09:23:32+05:30
pa_000512,txn_000489,cust_0183,799900,INR,SUCCESS,,upi,1,,pay_SYN00000512,2026-07-03T06:25:07+05:30
pa_000513,txn_000490,cust_0184,129900,INR,SUCCESS,,upi,1,,pay_SYN00000513,2026-08-27T21:44:04+05:30
pa_000514,txn_000491,cust_0187,299900,INR,SUCCESS,,card,1,,pay_SYN00000514,2026-04-09T16:27:39+05:30
pa_000515,txn_000492,cust_0187,299900,INR,SUCCESS,,wallet,1,,pay_SYN00000515,2026-08-07T13:02:45+05:30
pa_000516,txn_000493,cust_0188,599800,INR,SUCCESS,,card,1,,pay_SYN00000516,2026-06-22T20:47:23+05:30
pa_000517,txn_000494,cust_0188,1499900,INR,SUCCESS,,wallet,1,,pay_SYN00000517,2026-06-17T08:51:15+05:30
pa_000518,txn_000495,cust_0188,249900,INR,SUCCESS,,wallet,1,,pay_SYN00000518,2026-07-04T09:35:26+05:30
pa_000519,txn_000496,cust_0189,299900,INR,SUCCESS,,netbanking,1,,pay_SYN00000519,2026-06-15T20:25:38+05:30
pa_000520,txn_000497,cust_0190,399900,INR,SUCCESS,,upi,1,,pay_SYN00000520,2026-04-08T16:09:24+05:30
pa_000521,txn_000498,cust_0192,299900,INR,SUCCESS,,wallet,1,,pay_SYN00000521,2026-07-05T17:26:20+05:30
pa_000522,txn_000499,cust_0192,19900,INR,SUCCESS,,upi,1,,pay_SYN00000522,2026-06-01T18:06:30+05:30
pa_000523,txn_000500,cust_0193,899900,INR,SUCCESS,,wallet,1,,pay_SYN00000523,2026-08-10T12:23:05+05:30
pa_000524,txn_000501,cust_0193,299900,INR,SUCCESS,,card,1,,pay_SYN00000524,2026-08-28T21:00:59+05:30
pa_000525,txn_000502,cust_0193,449900,INR,SUCCESS,,upi,1,,pay_SYN00000525,2026-07-08T20:17:31+05:30
pa_000526,txn_000503,cust_0193,899900,INR,SUCCESS,,wallet,1,,pay_SYN00000526,2026-07-31T05:15:54+05:30
pa_000527,txn_000504,cust_0193,299900,INR,SUCCESS,,wallet,1,,pay_SYN00000527,2026-06-23T10:22:39+05:30
pa_000528,txn_000505,cust_0194,149900,INR,SUCCESS,,netbanking,1,,pay_SYN00000528,2026-03-14T18:29:29+05:30
pa_000529,txn_000506,cust_0194,49900,INR,SUCCESS,,card,1,,pay_SYN00000529,2026-05-29T20:58:46+05:30
pa_000530,txn_000507,cust_0194,49900,INR,SUCCESS,,upi,1,,pay_SYN00000530,2026-05-13T09:03:13+05:30
pa_000531,txn_000508,cust_0194,799900,INR,SUCCESS,,card,1,,pay_SYN00000531,2026-05-29T09:26:54+05:30
pa_000532,txn_000509,cust_0194,599800,INR,SUCCESS,,card,1,,pay_SYN00000532,2026-03-23T18:26:28+05:30
pa_000533,txn_000510,cust_0195,799900,INR,SUCCESS,,netbanking,1,,pay_SYN00000533,2026-07-29T15:50:44+05:30
pa_000534,txn_000511,cust_0195,249900,INR,SUCCESS,,wallet,1,,pay_SYN00000534,2026-07-16T22:36:16+05:30
pa_000535,txn_000512,cust_0195,2499900,INR,SUCCESS,,wallet,1,,pay_SYN00000535,2026-07-23T12:45:25+05:30
pa_000536,txn_000513,cust_0195,19499700,INR,SUCCESS,,upi,1,,pay_SYN00000536,2026-04-21T19:28:02+05:30
pa_000537,txn_000514,cust_0196,399900,INR,SUCCESS,,card,1,,pay_SYN00000537,2026-08-18T12:58:16+05:30
pa_000538,txn_000515,cust_0196,799900,INR,SUCCESS,,upi,1,,pay_SYN00000538,2026-05-16T20:54:26+05:30
pa_000539,txn_000516,cust_0196,149700,INR,SUCCESS,,upi,1,,pay_SYN00000539,2026-06-24T10:44:24+05:30
pa_000540,txn_000517,cust_0196,899900,INR,SUCCESS,,upi,1,,pay_SYN00000540,2026-06-01T15:09:56+05:30
pa_000541,txn_000518,cust_0196,899900,INR,SUCCESS,,upi,1,,pay_SYN00000541,2026-06-26T11:05:57+05:30
pa_000542,txn_000519,cust_0197,899700,INR,SUCCESS,,wallet,1,,pay_SYN00000542,2026-03-11T14:55:35+05:30
pa_000543,txn_000520,cust_0197,99800,INR,SUCCESS,,wallet,1,,pay_SYN00000543,2026-03-02T13:23:03+05:30
pa_000544,txn_000521,cust_0198,129900,INR,SUCCESS,,netbanking,1,,pay_SYN00000544,2026-05-26T10:25:23+05:30
pa_000545,txn_000522,cust_0198,399900,INR,SUCCESS,,netbanking,1,,pay_SYN00000545,2026-05-18T19:02:47+05:30
pa_000546,txn_000523,cust_0199,399900,INR,SUCCESS,,upi,1,,pay_SYN00000546,2026-08-05T17:22:16+05:30
pa_000547,txn_000524,cust_0199,49900,INR,SUCCESS,,card,1,,pay_SYN00000547,2026-03-10T13:03:56+05:30
pa_000548,txn_000525,cust_0199,799900,INR,SUCCESS,,upi,1,,pay_SYN00000548,2026-03-25T10:21:09+05:30
pa_000549,txn_000526,cust_0199,1499900,INR,SUCCESS,,wallet,1,,pay_SYN00000549,2026-06-18T20:35:05+05:30
pa_000550,txn_000527,cust_0199,49900,INR,SUCCESS,,netbanking,1,,pay_SYN00000550,2026-07-31T15:48:37+05:30
pa_000551,txn_000528,cust_0200,49900,INR,SUCCESS,,wallet,1,,pay_SYN00000551,2026-04-15T21:49:43+05:30
pa_000552,txn_000529,cust_0200,44700,INR,SUCCESS,,upi,1,,pay_SYN00000552,2026-06-01T14:06:38+05:30
pa_000553,txn_000530,cust_0201,79900,INR,SUCCESS,,upi,1,,pay_SYN00000553,2026-03-22T11:07:57+05:30
pa_000554,txn_000531,cust_0201,249900,INR,SUCCESS,,netbanking,1,,pay_SYN00000554,2026-05-26T11:56:43+05:30
pa_000555,txn_000532,cust_0201,1799800,INR,SUCCESS,,upi,1,,pay_SYN00000555,2026-07-31T18:17:31+05:30
pa_000556,txn_000533,cust_0202,129900,INR,SUCCESS,,upi,1,,pay_SYN00000556,2026-06-29T12:42:21+05:30
pa_000557,txn_000534,cust_0203,299900,INR,SUCCESS,,netbanking,1,,pay_SYN00000557,2026-03-23T19:27:16+05:30
pa_000558,txn_000535,cust_0203,129900,INR,SUCCESS,,wallet,1,,pay_SYN00000558,2026-06-03T08:42:52+05:30
pa_000559,txn_000536,cust_0204,3999900,INR,SUCCESS,,wallet,1,,pay_SYN00000559,2026-08-05T15:17:29+05:30
pa_000560,txn_000537,cust_0204,3999900,INR,SUCCESS,,wallet,1,,pay_SYN00000560,2026-05-15T14:05:29+05:30
pa_000561,txn_000538,cust_0204,899900,INR,SUCCESS,,wallet,1,,pay_SYN00000561,2026-05-28T11:25:37+05:30
pa_000562,txn_000539,cust_0204,1199900,INR,SUCCESS,,wallet,1,,pay_SYN00000562,2026-03-07T18:43:28+05:30
pa_000563,txn_000540,cust_0204,299900,INR,SUCCESS,,card,1,,pay_SYN00000563,2026-03-26T18:55:07+05:30
pa_000564,txn_000541,cust_0204,299900,INR,SUCCESS,,wallet,1,,pay_SYN00000564,2026-08-02T13:15:09+05:30
pa_000565,txn_000542,cust_0204,8999900,INR,SUCCESS,,card,1,,pay_SYN00000565,2026-05-21T21:32:34+05:30
pa_000566,txn_000543,cust_0204,2499900,INR,SUCCESS,,netbanking,1,,pay_SYN00000566,2026-08-28T09:48:47+05:30
pa_000567,txn_000544,cust_0206,149700,INR,SUCCESS,,card,1,,pay_SYN00000567,2026-07-24T16:42:18+05:30
pa_000568,txn_000545,cust_0206,299900,INR,SUCCESS,,upi,1,,pay_SYN00000568,2026-08-04T20:13:50+05:30
pa_000569,txn_000546,cust_0206,2399800,INR,SUCCESS,,card,1,,pay_SYN00000569,2026-04-03T21:09:42+05:30
pa_000570,txn_000547,cust_0206,259800,INR,SUCCESS,,wallet,1,,pay_SYN00000570,2026-04-02T17:11:27+05:30
pa_000571,txn_000548,cust_0208,399900,INR,SUCCESS,,netbanking,1,,pay_SYN00000571,2026-05-18T17:15:53+05:30
pa_000572,txn_000549,cust_0209,749700,INR,SUCCESS,,card,1,,pay_SYN00000572,2026-03-19T23:41:07+05:30
pa_000573,txn_000550,cust_0210,899800,INR,SUCCESS,,upi,1,,pay_SYN00000573,2026-06-17T11:44:38+05:30
pa_000574,txn_000551,cust_0210,149900,INR,SUCCESS,,netbanking,1,,pay_SYN00000574,2026-08-01T19:43:11+05:30
pa_000575,txn_000552,cust_0210,2499900,INR,SUCCESS,,card,1,,pay_SYN00000575,2026-08-06T17:22:52+05:30
pa_000576,txn_000553,cust_0210,399900,INR,SUCCESS,,netbanking,1,,pay_SYN00000576,2026-06-24T14:29:12+05:30
pa_000577,txn_000554,cust_0210,799900,INR,SUCCESS,,netbanking,1,,pay_SYN00000577,2026-08-21T09:26:28+05:30
pa_000578,txn_000555,cust_0211,399900,INR,SUCCESS,,wallet,1,,pay_SYN00000578,2026-04-26T03:40:04+05:30
pa_000579,txn_000556,cust_0211,129900,INR,SUCCESS,,wallet,1,,pay_SYN00000579,2026-03-05T18:07:23+05:30
pa_000580,txn_000557,cust_0214,249900,INR,SUCCESS,,netbanking,1,,pay_SYN00000580,2026-08-05T03:40:08+05:30
pa_000581,txn_000558,cust_0214,399900,INR,SUCCESS,,card,1,,pay_SYN00000581,2026-06-25T07:05:40+05:30
pa_000582,txn_000559,cust_0214,49900,INR,SUCCESS,,wallet,1,,pay_SYN00000582,2026-07-31T16:48:36+05:30
pa_000583,txn_000560,cust_0215,149900,INR,SUCCESS,,wallet,1,,pay_SYN00000583,2026-08-15T16:19:09+05:30
pa_000584,txn_000561,cust_0215,3599700,INR,SUCCESS,,netbanking,1,,pay_SYN00000584,2026-03-27T12:23:46+05:30
pa_000585,txn_000562,cust_0216,149900,INR,SUCCESS,,netbanking,1,,pay_SYN00000585,2026-06-13T20:33:24+05:30
pa_000586,txn_000563,cust_0217,249900,INR,SUCCESS,,wallet,1,,pay_SYN00000586,2026-08-05T15:41:09+05:30
pa_000587,txn_000564,cust_0217,149700,INR,SUCCESS,,card,1,,pay_SYN00000587,2026-08-19T19:28:38+05:30
pa_000588,txn_000565,cust_0217,299900,INR,SUCCESS,,upi,1,,pay_SYN00000588,2026-04-27T17:49:40+05:30
pa_000589,txn_000566,cust_0217,449700,INR,SUCCESS,,netbanking,1,,pay_SYN00000589,2026-08-05T09:07:18+05:30
pa_000590,txn_000567,cust_0218,49900,INR,SUCCESS,,upi,1,,pay_SYN00000590,2026-07-22T06:01:00+05:30
pa_000591,txn_000568,cust_0219,749700,INR,SUCCESS,,upi,1,,pay_SYN00000591,2026-03-19T12:19:56+05:30
pa_000592,txn_000569,cust_0219,49900,INR,SUCCESS,,netbanking,1,,pay_SYN00000592,2026-08-04T12:03:37+05:30
pa_000593,txn_000570,cust_0221,249900,INR,SUCCESS,,upi,1,,pay_SYN00000593,2026-03-09T13:29:48+05:30
pa_000594,txn_000571,cust_0221,799900,INR,SUCCESS,,upi,1,,pay_SYN00000594,2026-09-01T22:48:22+05:30
pa_000595,txn_000572,cust_0224,299900,INR,SUCCESS,,netbanking,1,,pay_SYN00000595,2026-08-26T19:34:19+05:30
pa_000596,txn_000573,cust_0226,399900,INR,SUCCESS,,card,1,,pay_SYN00000596,2026-06-18T18:57:21+05:30
pa_000597,txn_000574,cust_0226,149900,INR,SUCCESS,,upi,1,,pay_SYN00000597,2026-04-17T10:54:57+05:30
pa_000598,txn_000575,cust_0228,14900,INR,SUCCESS,,card,1,,pay_SYN00000598,2026-05-15T19:37:07+05:30
pa_000599,txn_000576,cust_0229,1499900,INR,SUCCESS,,card,1,,pay_SYN00000599,2026-07-08T19:37:48+05:30
pa_000600,txn_000577,cust_0229,1199900,INR,SUCCESS,,upi,1,,pay_SYN00000600,2026-06-30T19:25:04+05:30
pa_000601,txn_000578,cust_0229,799900,INR,SUCCESS,,upi,1,,pay_SYN00000601,2026-05-03T12:10:38+05:30
pa_000602,txn_000579,cust_0229,149900,INR,SUCCESS,,upi,1,,pay_SYN00000602,2026-04-04T14:30:34+05:30
pa_000603,txn_000580,cust_0229,49900,INR,SUCCESS,,wallet,1,,pay_SYN00000603,2026-08-21T09:04:38+05:30
pa_000604,txn_000581,cust_0230,14900,INR,SUCCESS,,card,1,,pay_SYN00000604,2026-06-12T17:30:27+05:30
pa_000605,txn_000582,cust_0230,129900,INR,SUCCESS,,wallet,1,,pay_SYN00000605,2026-06-03T15:10:30+05:30
pa_000606,txn_000583,cust_0231,6499900,INR,SUCCESS,,wallet,1,,pay_SYN00000606,2026-06-03T21:00:34+05:30
pa_000607,txn_000584,cust_0231,4499700,INR,SUCCESS,,wallet,1,,pay_SYN00000607,2026-06-24T10:22:11+05:30
pa_000608,txn_000585,cust_0231,299900,INR,SUCCESS,,wallet,1,,pay_SYN00000608,2026-05-26T16:53:23+05:30
pa_000609,txn_000586,cust_0231,8999900,INR,SUCCESS,,netbanking,1,,pay_SYN00000609,2026-08-23T15:20:50+05:30
pa_000610,txn_000587,cust_0231,399900,INR,SUCCESS,,card,1,,pay_SYN00000610,2026-09-01T16:30:16+05:30
pa_000611,txn_000588,cust_0231,799900,INR,SUCCESS,,netbanking,1,,pay_SYN00000611,2026-09-01T14:11:15+05:30
pa_000612,txn_000589,cust_0231,249900,INR,SUCCESS,,netbanking,1,,pay_SYN00000612,2026-03-31T18:48:41+05:30
pa_000613,txn_000590,cust_0232,249900,INR,SUCCESS,,netbanking,1,,pay_SYN00000613,2026-07-16T10:18:31+05:30
pa_000614,txn_000591,cust_0232,299900,INR,SUCCESS,,card,1,,pay_SYN00000614,2026-07-11T15:43:58+05:30
pa_000615,txn_000592,cust_0234,299800,INR,SUCCESS,,wallet,1,,pay_SYN00000615,2026-05-31T12:19:36+05:30
pa_000616,txn_000593,cust_0234,299900,INR,SUCCESS,,netbanking,1,,pay_SYN00000616,2026-05-06T13:23:02+05:30
pa_000617,txn_000594,cust_0234,129900,INR,SUCCESS,,netbanking,1,,pay_SYN00000617,2026-06-10T13:02:44+05:30
pa_000618,txn_000595,cust_0234,99800,INR,SUCCESS,,card,1,,pay_SYN00000618,2026-07-10T11:21:07+05:30
pa_000619,txn_000596,cust_0235,249900,INR,SUCCESS,,netbanking,1,,pay_SYN00000619,2026-07-17T10:33:42+05:30
pa_000620,txn_000597,cust_0235,249900,INR,SUCCESS,,netbanking,1,,pay_SYN00000620,2026-05-19T11:13:01+05:30
pa_000621,txn_000598,cust_0235,299900,INR,SUCCESS,,upi,1,,pay_SYN00000621,2026-08-28T14:22:33+05:30
pa_000622,txn_000599,cust_0235,129900,INR,SUCCESS,,card,1,,pay_SYN00000622,2026-03-06T18:27:22+05:30
pa_000623,txn_000600,cust_0235,799900,INR,SUCCESS,,netbanking,1,,pay_SYN00000623,2026-07-11T12:08:12+05:30
pa_000624,txn_000601,cust_0236,799900,INR,SUCCESS,,card,1,,pay_SYN00000624,2026-03-18T16:50:39+05:30
pa_000625,txn_000602,cust_0236,449900,INR,SUCCESS,,upi,1,,pay_SYN00000625,2026-05-01T18:06:40+05:30
pa_000626,txn_000603,cust_0236,149900,INR,SUCCESS,,wallet,1,,pay_SYN00000626,2026-05-28T14:58:28+05:30
pa_000627,txn_000604,cust_0236,1199900,INR,SUCCESS,,netbanking,1,,pay_SYN00000627,2026-06-16T09:16:50+05:30
pa_000628,txn_000605,cust_0236,49900,INR,SUCCESS,,upi,1,,pay_SYN00000628,2026-05-07T22:10:26+05:30
pa_000629,txn_000606,cust_0237,129900,INR,SUCCESS,,upi,1,,pay_SYN00000629,2026-08-13T16:08:47+05:30
pa_000630,txn_000607,cust_0237,1199900,INR,SUCCESS,,upi,1,,pay_SYN00000630,2026-08-03T19:25:49+05:30
pa_000631,txn_000608,cust_0237,1499900,INR,SUCCESS,,netbanking,1,,pay_SYN00000631,2026-04-05T07:03:19+05:30
pa_000632,txn_000609,cust_0237,799900,INR,SUCCESS,,upi,1,,pay_SYN00000632,2026-08-17T09:12:04+05:30
pa_000633,txn_000610,cust_0237,49900,INR,SUCCESS,,netbanking,1,,pay_SYN00000633,2026-05-26T17:30:50+05:30
pa_000634,txn_000611,cust_0238,399900,INR,SUCCESS,,card,1,,pay_SYN00000634,2026-03-07T21:51:51+05:30
pa_000635,txn_000612,cust_0238,399900,INR,SUCCESS,,card,1,,pay_SYN00000635,2026-08-22T18:06:21+05:30
pa_000636,txn_000613,cust_0239,79900,INR,SUCCESS,,netbanking,1,,pay_SYN00000636,2026-08-30T13:12:35+05:30
pa_000637,txn_000614,cust_0239,1499900,INR,SUCCESS,,netbanking,1,,pay_SYN00000637,2026-05-06T13:23:32+05:30
pa_000638,txn_000615,cust_0242,19900,INR,SUCCESS,,wallet,1,,pay_SYN00000638,2026-07-23T09:56:35+05:30
pa_000639,txn_000616,cust_0243,249900,INR,SUCCESS,,netbanking,1,,pay_SYN00000639,2026-08-18T11:05:25+05:30
pa_000640,txn_000617,cust_0243,129900,INR,SUCCESS,,netbanking,1,,pay_SYN00000640,2026-05-14T10:57:03+05:30
pa_000641,txn_000618,cust_0243,79900,INR,SUCCESS,,wallet,1,,pay_SYN00000641,2026-07-08T08:24:42+05:30
pa_000642,txn_000619,cust_0243,49900,INR,SUCCESS,,card,1,,pay_SYN00000642,2026-03-20T19:09:16+05:30
pa_000643,txn_000620,cust_0243,129900,INR,SUCCESS,,netbanking,1,,pay_SYN00000643,2026-05-20T18:23:44+05:30
pa_000644,txn_000621,cust_0244,14900,INR,SUCCESS,,wallet,1,,pay_SYN00000644,2026-05-31T10:19:32+05:30
pa_000645,txn_000622,cust_0245,19900,INR,SUCCESS,,wallet,1,,pay_SYN00000645,2026-03-10T14:38:26+05:30
pa_000646,txn_000623,cust_0247,299900,INR,SUCCESS,,upi,1,,pay_SYN00000646,2026-05-02T15:04:52+05:30
pa_000647,txn_000624,cust_0247,399900,INR,SUCCESS,,upi,1,,pay_SYN00000647,2026-03-22T21:51:48+05:30
pa_000648,txn_000625,cust_0249,149900,INR,SUCCESS,,card,1,,pay_SYN00000648,2026-07-27T13:05:15+05:30
pa_000649,txn_000626,cust_0251,79900,INR,SUCCESS,,upi,1,,pay_SYN00000649,2026-08-25T13:13:43+05:30
pa_000650,txn_000627,cust_0253,449900,INR,SUCCESS,,upi,1,,pay_SYN00000650,2026-05-01T13:40:53+05:30
pa_000651,txn_000628,cust_0253,449700,INR,SUCCESS,,upi,1,,pay_SYN00000651,2026-05-25T15:32:45+05:30
pa_000652,txn_000629,cust_0253,149900,INR,SUCCESS,,wallet,1,,pay_SYN00000652,2026-04-01T19:19:05+05:30
pa_000653,txn_000630,cust_0253,899900,INR,SUCCESS,,upi,1,,pay_SYN00000653,2026-04-13T20:23:25+05:30
pa_000654,txn_000631,cust_0254,129900,INR,SUCCESS,,card,1,,pay_SYN00000654,2026-05-18T18:37:42+05:30
pa_000655,txn_000632,cust_0255,899900,INR,SUCCESS,,netbanking,1,,pay_SYN00000655,2026-04-28T10:16:29+05:30
pa_000656,txn_000633,cust_0255,249900,INR,SUCCESS,,upi,1,,pay_SYN00000656,2026-03-26T16:09:11+05:30
pa_000657,txn_000634,cust_0255,449900,INR,SUCCESS,,upi,1,,pay_SYN00000657,2026-06-27T22:57:25+05:30
pa_000658,txn_000635,cust_0255,149900,INR,SUCCESS,,upi,1,,pay_SYN00000658,2026-08-21T15:05:44+05:30
pa_000659,txn_000636,cust_0255,299900,INR,SUCCESS,,netbanking,1,,pay_SYN00000659,2026-04-13T16:02:12+05:30
pa_000660,txn_000637,cust_0256,249900,INR,SUCCESS,,card,1,,pay_SYN00000660,2026-03-11T16:12:06+05:30
pa_000661,txn_000638,cust_0256,399900,INR,SUCCESS,,wallet,1,,pay_SYN00000661,2026-07-01T22:29:52+05:30
pa_000662,txn_000639,cust_0257,79900,INR,SUCCESS,,netbanking,1,,pay_SYN00000662,2026-05-01T11:32:05+05:30
pa_000663,txn_000640,cust_0257,399900,INR,SUCCESS,,netbanking,1,,pay_SYN00000663,2026-05-07T17:40:08+05:30
pa_000664,txn_000641,cust_0258,14900,INR,SUCCESS,,wallet,1,,pay_SYN00000664,2026-07-19T17:04:18+05:30
pa_000665,txn_000642,cust_0258,49900,INR,SUCCESS,,upi,1,,pay_SYN00000665,2026-04-10T12:26:41+05:30
pa_000666,txn_000643,cust_0259,899900,INR,SUCCESS,,netbanking,1,,pay_SYN00000666,2026-07-29T09:39:00+05:30
pa_000667,txn_000644,cust_0259,299900,INR,SUCCESS,,netbanking,1,,pay_SYN00000667,2026-06-12T16:00:07+05:30
pa_000668,txn_000645,cust_0259,1199900,INR,SUCCESS,,upi,1,,pay_SYN00000668,2026-07-09T22:48:48+05:30
pa_000669,txn_000646,cust_0259,749700,INR,SUCCESS,,upi,1,,pay_SYN00000669,2026-06-12T12:43:50+05:30
pa_000670,txn_000647,cust_0259,129900,INR,SUCCESS,,upi,1,,pay_SYN00000670,2026-04-15T12:57:23+05:30
pa_000671,txn_000648,cust_0260,799900,INR,SUCCESS,,wallet,1,,pay_SYN00000671,2026-06-25T15:54:31+05:30
pa_000672,txn_000649,cust_0260,6499900,INR,SUCCESS,,netbanking,1,,pay_SYN00000672,2026-08-14T14:58:36+05:30
pa_000673,txn_000650,cust_0260,149900,INR,SUCCESS,,card,1,,pay_SYN00000673,2026-08-31T19:40:37+05:30
pa_000674,txn_000651,cust_0260,3999900,INR,SUCCESS,,wallet,1,,pay_SYN00000674,2026-06-09T17:04:31+05:30
pa_000675,txn_000652,cust_0261,14900,INR,SUCCESS,,netbanking,1,,pay_SYN00000675,2026-05-14T18:55:55+05:30
pa_000676,txn_000653,cust_0261,79900,INR,SUCCESS,,upi,1,,pay_SYN00000676,2026-06-10T18:38:24+05:30
pa_000677,txn_000654,cust_0264,3999900,INR,SUCCESS,,wallet,1,,pay_SYN00000677,2026-07-19T18:22:33+05:30
pa_000678,txn_000655,cust_0264,6499900,INR,SUCCESS,,card,1,,pay_SYN00000678,2026-08-12T18:10:17+05:30
pa_000679,txn_000656,cust_0264,3999900,INR,SUCCESS,,upi,1,,pay_SYN00000679,2026-07-04T08:09:05+05:30
pa_000680,txn_000657,cust_0264,8999900,INR,SUCCESS,,netbanking,1,,pay_SYN00000680,2026-06-05T21:15:34+05:30
pa_000681,txn_000658,cust_0264,3999900,INR,SUCCESS,,upi,1,,pay_SYN00000681,2026-07-27T16:12:06+05:30
pa_000682,txn_000659,cust_0264,399900,INR,SUCCESS,,wallet,1,,pay_SYN00000682,2026-04-17T09:17:12+05:30
pa_000683,txn_000660,cust_0265,49900,INR,SUCCESS,,card,1,,pay_SYN00000683,2026-03-09T21:28:28+05:30
pa_000684,txn_000661,cust_0265,899900,INR,SUCCESS,,upi,1,,pay_SYN00000684,2026-09-01T17:23:31+05:30
pa_000685,txn_000662,cust_0265,449900,INR,SUCCESS,,wallet,1,,pay_SYN00000685,2026-07-01T12:48:34+05:30
pa_000686,txn_000663,cust_0265,129900,INR,SUCCESS,,netbanking,1,,pay_SYN00000686,2026-07-31T12:32:31+05:30
pa_000687,txn_000664,cust_0265,1199900,INR,SUCCESS,,netbanking,1,,pay_SYN00000687,2026-08-19T10:48:11+05:30
pa_000688,txn_000665,cust_0266,799900,INR,SUCCESS,,netbanking,1,,pay_SYN00000688,2026-08-22T22:11:34+05:30
pa_000689,txn_000666,cust_0266,6499900,INR,SUCCESS,,netbanking,1,,pay_SYN00000689,2026-04-16T13:00:22+05:30
pa_000690,txn_000667,cust_0266,1499900,INR,SUCCESS,,card,1,,pay_SYN00000690,2026-08-15T22:57:23+05:30
pa_000691,txn_000668,cust_0266,449900,INR,SUCCESS,,netbanking,1,,pay_SYN00000691,2026-05-09T12:11:51+05:30
pa_000692,txn_000669,cust_0266,499800,INR,SUCCESS,,card,1,,pay_SYN00000692,2026-03-05T13:11:07+05:30
pa_000693,txn_000670,cust_0266,149900,INR,SUCCESS,,wallet,1,,pay_SYN00000693,2026-08-13T21:31:55+05:30
pa_000694,txn_000671,cust_0266,299900,INR,SUCCESS,,wallet,1,,pay_SYN00000694,2026-04-29T10:19:15+05:30
pa_000695,txn_000672,cust_0267,899900,INR,SUCCESS,,netbanking,1,,pay_SYN00000695,2026-07-15T12:43:50+05:30
pa_000696,txn_000673,cust_0267,1499900,INR,SUCCESS,,wallet,1,,pay_SYN00000696,2026-08-13T18:55:24+05:30
pa_000697,txn_000674,cust_0267,399900,INR,SUCCESS,,card,1,,pay_SYN00000697,2026-08-12T20:37:59+05:30
pa_000698,txn_000675,cust_0267,249900,INR,SUCCESS,,netbanking,1,,pay_SYN00000698,2026-07-27T12:29:01+05:30
pa_000699,txn_000676,cust_0268,79900,INR,SUCCESS,,card,1,,pay_SYN00000699,2026-03-26T13:59:17+05:30
pa_000700,txn_000677,cust_0268,249900,INR,SUCCESS,,card,1,,pay_SYN00000700,2026-08-04T16:20:03+05:30
pa_000701,txn_000678,cust_0269,1199900,INR,SUCCESS,,netbanking,1,,pay_SYN00000701,2026-03-07T17:43:12+05:30
pa_000702,txn_000679,cust_0269,129900,INR,SUCCESS,,netbanking,1,,pay_SYN00000702,2026-05-08T17:51:32+05:30
pa_000703,txn_000680,cust_0270,899900,INR,SUCCESS,,wallet,1,,pay_SYN00000703,2026-06-16T15:00:07+05:30
pa_000704,txn_000681,cust_0270,1499900,INR,SUCCESS,,upi,1,,pay_SYN00000704,2026-06-10T10:51:49+05:30
pa_000705,txn_000682,cust_0270,1199900,INR,SUCCESS,,upi,1,,pay_SYN00000705,2026-08-14T16:16:24+05:30
pa_000706,txn_000683,cust_0271,299900,INR,SUCCESS,,wallet,1,,pay_SYN00000706,2026-03-03T09:48:01+05:30
pa_000707,txn_000684,cust_0271,249900,INR,SUCCESS,,netbanking,1,,pay_SYN00000707,2026-07-08T14:00:55+05:30
pa_000708,txn_000685,cust_0271,2499900,INR,SUCCESS,,upi,1,,pay_SYN00000708,2026-06-28T13:15:34+05:30
pa_000709,txn_000686,cust_0271,2499900,INR,SUCCESS,,card,1,,pay_SYN00000709,2026-06-21T09:11:24+05:30
pa_000710,txn_000687,cust_0271,2999800,INR,SUCCESS,,card,1,,pay_SYN00000710,2026-07-17T17:34:58+05:30
pa_000711,txn_000688,cust_0271,249900,INR,SUCCESS,,upi,1,,pay_SYN00000711,2026-05-09T10:43:09+05:30
pa_000712,txn_000689,cust_0273,299900,INR,SUCCESS,,card,1,,pay_SYN00000712,2026-03-04T16:09:06+05:30
pa_000713,txn_000690,cust_0273,299900,INR,SUCCESS,,wallet,1,,pay_SYN00000713,2026-07-22T14:56:23+05:30
pa_000714,txn_000691,cust_0274,899900,INR,SUCCESS,,upi,1,,pay_SYN00000714,2026-03-15T21:15:37+05:30
pa_000715,txn_000692,cust_0274,3999900,INR,SUCCESS,,netbanking,1,,pay_SYN00000715,2026-05-02T15:27:25+05:30
pa_000716,txn_000693,cust_0274,799900,INR,SUCCESS,,upi,1,,pay_SYN00000716,2026-04-16T19:16:50+05:30
pa_000717,txn_000694,cust_0274,2499900,INR,SUCCESS,,wallet,1,,pay_SYN00000717,2026-06-03T09:16:32+05:30
pa_000718,txn_000695,cust_0275,249900,INR,SUCCESS,,wallet,1,,pay_SYN00000718,2026-07-19T06:48:01+05:30
pa_000719,txn_000696,cust_0275,129900,INR,SUCCESS,,upi,1,,pay_SYN00000719,2026-07-31T22:39:14+05:30
pa_000720,txn_000697,cust_0278,129900,INR,SUCCESS,,upi,1,,pay_SYN00000720,2026-04-25T13:00:26+05:30
pa_000721,txn_000698,cust_0278,149900,INR,SUCCESS,,card,1,,pay_SYN00000721,2026-03-04T19:10:34+05:30
pa_000722,txn_000699,cust_0279,129900,INR,SUCCESS,,upi,1,,pay_SYN00000722,2026-08-12T18:44:27+05:30
pa_000723,txn_000700,cust_0279,14900,INR,SUCCESS,,wallet,1,,pay_SYN00000723,2026-04-06T20:15:34+05:30
pa_000724,txn_000701,cust_0281,49900,INR,SUCCESS,,netbanking,1,,pay_SYN00000724,2026-06-03T19:27:25+05:30
pa_000725,txn_000702,cust_0281,299900,INR,SUCCESS,,netbanking,1,,pay_SYN00000725,2026-08-03T08:13:18+05:30
pa_000726,txn_000703,cust_0281,1199900,INR,SUCCESS,,card,1,,pay_SYN00000726,2026-05-19T11:00:54+05:30
pa_000727,txn_000704,cust_0281,2399800,INR,SUCCESS,,wallet,1,,pay_SYN00000727,2026-06-08T20:13:15+05:30
pa_000728,txn_000705,cust_0281,149900,INR,SUCCESS,,card,1,,pay_SYN00000728,2026-06-24T12:53:45+05:30
pa_000729,txn_000706,cust_0282,149900,INR,SUCCESS,,card,1,,pay_SYN00000729,2026-04-06T10:49:06+05:30
pa_000730,txn_000707,cust_0282,399900,INR,SUCCESS,,card,1,,pay_SYN00000730,2026-07-22T16:42:26+05:30
pa_000731,txn_000708,cust_0283,299900,INR,SUCCESS,,upi,1,,pay_SYN00000731,2026-05-18T17:51:01+05:30
pa_000732,txn_000709,cust_0283,599800,INR,SUCCESS,,wallet,1,,pay_SYN00000732,2026-03-25T17:02:00+05:30
pa_000733,txn_000710,cust_0283,399900,INR,SUCCESS,,card,1,,pay_SYN00000733,2026-04-17T08:08:07+05:30
pa_000734,txn_000711,cust_0283,1349700,INR,SUCCESS,,card,1,,pay_SYN00000734,2026-03-25T18:44:58+05:30
pa_000735,txn_000712,cust_0284,299900,INR,SUCCESS,,card,1,,pay_SYN00000735,2026-07-18T15:23:18+05:30
pa_000736,txn_000713,cust_0285,149900,INR,SUCCESS,,upi,1,,pay_SYN00000736,2026-07-17T12:12:33+05:30
pa_000737,txn_000714,cust_0285,299900,INR,SUCCESS,,wallet,1,,pay_SYN00000737,2026-06-20T10:45:44+05:30
pa_000738,txn_000715,cust_0285,899900,INR,SUCCESS,,upi,1,,pay_SYN00000738,2026-05-30T16:49:31+05:30
pa_000739,txn_000716,cust_0285,1499900,INR,SUCCESS,,netbanking,1,,pay_SYN00000739,2026-08-14T14:29:51+05:30
pa_000740,txn_000717,cust_0286,129900,INR,SUCCESS,,card,1,,pay_SYN00000740,2026-06-28T15:36:03+05:30
pa_000741,txn_000718,cust_0287,299900,INR,SUCCESS,,netbanking,1,,pay_SYN00000741,2026-07-10T14:06:10+05:30
pa_000742,txn_000719,cust_0287,399900,INR,SUCCESS,,wallet,1,,pay_SYN00000742,2026-03-30T10:34:31+05:30
pa_000743,txn_000720,cust_0287,1499900,INR,SUCCESS,,netbanking,1,,pay_SYN00000743,2026-08-01T15:59:28+05:30
pa_000744,txn_000721,cust_0288,239700,INR,SUCCESS,,card,1,,pay_SYN00000744,2026-06-24T18:39:13+05:30
pa_000745,txn_000722,cust_0289,299900,INR,SUCCESS,,upi,1,,pay_SYN00000745,2026-07-20T17:55:31+05:30
pa_000746,txn_000723,cust_0290,1349700,INR,SUCCESS,,wallet,1,,pay_SYN00000746,2026-07-10T19:47:18+05:30
pa_000747,txn_000724,cust_0290,12999800,INR,SUCCESS,,netbanking,1,,pay_SYN00000747,2026-08-22T12:51:55+05:30
pa_000748,txn_000725,cust_0290,149900,INR,SUCCESS,,netbanking,1,,pay_SYN00000748,2026-08-11T20:11:22+05:30
pa_000749,txn_000726,cust_0290,3999900,INR,SUCCESS,,card,1,,pay_SYN00000749,2026-06-16T16:08:54+05:30
pa_000750,txn_000727,cust_0290,8999900,INR,SUCCESS,,wallet,1,,pay_SYN00000750,2026-03-25T14:51:35+05:30
pa_000751,txn_000728,cust_0290,4999800,INR,SUCCESS,,netbanking,1,,pay_SYN00000751,2026-06-22T10:10:48+05:30
pa_000752,txn_000729,cust_0290,1499900,INR,SUCCESS,,wallet,1,,pay_SYN00000752,2026-07-04T04:56:40+05:30
pa_000753,txn_000730,cust_0291,1199900,INR,SUCCESS,,upi,1,,pay_SYN00000753,2026-08-18T18:07:40+05:30
pa_000754,txn_000731,cust_0291,129900,INR,SUCCESS,,card,1,,pay_SYN00000754,2026-05-07T17:56:06+05:30
pa_000755,txn_000732,cust_0291,449900,INR,SUCCESS,,wallet,1,,pay_SYN00000755,2026-05-08T15:42:42+05:30
pa_000756,txn_000733,cust_0292,8999900,INR,SUCCESS,,upi,1,,pay_SYN00000756,2026-03-20T21:16:58+05:30
pa_000757,txn_000734,cust_0292,599800,INR,SUCCESS,,netbanking,1,,pay_SYN00000757,2026-05-04T20:44:51+05:30
pa_000758,txn_000735,cust_0292,8999900,INR,SUCCESS,,wallet,1,,pay_SYN00000758,2026-08-24T17:59:45+05:30
pa_000759,txn_000736,cust_0292,8999900,INR,SUCCESS,,netbanking,1,,pay_SYN00000759,2026-07-21T21:00:20+05:30
pa_000760,txn_000737,cust_0292,299900,INR,SUCCESS,,card,1,,pay_SYN00000760,2026-07-21T20:54:44+05:30
pa_000761,txn_000738,cust_0292,499800,INR,SUCCESS,,upi,1,,pay_SYN00000761,2026-05-03T14:43:32+05:30
pa_000762,txn_000739,cust_0292,299900,INR,SUCCESS,,upi,1,,pay_SYN00000762,2026-06-02T12:48:58+05:30
pa_000763,txn_000740,cust_0294,799900,INR,SUCCESS,,card,1,,pay_SYN00000763,2026-03-26T13:50:17+05:30
pa_000764,txn_000741,cust_0294,149900,INR,SUCCESS,,upi,1,,pay_SYN00000764,2026-06-02T12:53:54+05:30
pa_000765,txn_000742,cust_0295,149900,INR,SUCCESS,,wallet,1,,pay_SYN00000765,2026-08-09T12:39:08+05:30
pa_000766,txn_000743,cust_0296,249900,INR,SUCCESS,,card,1,,pay_SYN00000766,2026-07-27T21:18:34+05:30
pa_000767,txn_000744,cust_0296,2499900,INR,SUCCESS,,wallet,1,,pay_SYN00000767,2026-03-06T14:54:09+05:30
pa_000768,txn_000745,cust_0296,17999800,INR,SUCCESS,,card,1,,pay_SYN00000768,2026-04-18T21:49:17+05:30
pa_000769,txn_000746,cust_0296,249900,INR,SUCCESS,,wallet,1,,pay_SYN00000769,2026-04-29T10:24:25+05:30
pa_000770,txn_000747,cust_0296,299900,INR,SUCCESS,,wallet,1,,pay_SYN00000770,2026-03-25T20:36:26+05:30
pa_000771,txn_000748,cust_0296,299900,INR,SUCCESS,,upi,1,,pay_SYN00000771,2026-06-18T06:36:04+05:30
pa_000772,txn_000749,cust_0296,149900,INR,SUCCESS,,card,1,,pay_SYN00000772,2026-08-24T15:51:02+05:30
pa_000773,txn_000750,cust_0296,1799800,INR,SUCCESS,,wallet,1,,pay_SYN00000773,2026-04-13T09:26:34+05:30
pa_000774,txn_000751,cust_0297,8999900,INR,SUCCESS,,netbanking,1,,pay_SYN00000774,2026-06-28T11:04:58+05:30
pa_000775,txn_000752,cust_0297,2499900,INR,SUCCESS,,netbanking,1,,pay_SYN00000775,2026-05-06T14:50:34+05:30
pa_000776,txn_000753,cust_0297,899900,INR,SUCCESS,,card,1,,pay_SYN00000776,2026-05-28T11:38:01+05:30
pa_000777,txn_000754,cust_0297,149900,INR,SUCCESS,,upi,1,,pay_SYN00000777,2026-04-14T17:57:43+05:30
pa_000778,txn_000755,cust_0297,1599800,INR,SUCCESS,,netbanking,1,,pay_SYN00000778,2026-07-11T14:58:30+05:30
pa_000779,txn_000756,cust_0297,399900,INR,SUCCESS,,upi,1,,pay_SYN00000779,2026-07-14T08:15:53+05:30
pa_000780,txn_000757,cust_0298,49900,INR,SUCCESS,,card,1,,pay_SYN00000780,2026-04-08T07:53:03+05:30
pa_000781,txn_000758,cust_0298,149900,INR,SUCCESS,,upi,1,,pay_SYN00000781,2026-05-12T19:21:36+05:30
pa_000782,txn_000759,cust_0299,49900,INR,SUCCESS,,wallet,1,,pay_SYN00000782,2026-04-24T20:41:06+05:30
pa_000783,txn_000760,cust_0299,399900,INR,SUCCESS,,wallet,1,,pay_SYN00000783,2026-08-02T05:35:18+05:30
pa_000784,txn_000761,cust_0300,399900,INR,SUCCESS,,card,1,,pay_SYN00000784,2026-03-29T13:58:54+05:30
pa_000785,txn_000762,cust_0302,159800,INR,SUCCESS,,card,1,,pay_SYN00000785,2026-03-15T18:15:24+05:30
pa_000786,txn_000763,cust_0302,299900,INR,SUCCESS,,card,1,,pay_SYN00000786,2026-07-26T17:16:01+05:30
pa_000787,txn_000764,cust_0302,159800,INR,SUCCESS,,netbanking,1,,pay_SYN00000787,2026-05-20T22:44:10+05:30
pa_000788,txn_000765,cust_0302,1199900,INR,SUCCESS,,wallet,1,,pay_SYN00000788,2026-08-19T16:44:09+05:30
pa_000789,txn_000766,cust_0303,1499900,INR,SUCCESS,,netbanking,1,,pay_SYN00000789,2026-06-25T21:42:39+05:30
pa_000790,txn_000767,cust_0303,1199900,INR,SUCCESS,,upi,1,,pay_SYN00000790,2026-08-02T19:13:55+05:30
pa_000791,txn_000768,cust_0303,449900,INR,SUCCESS,,wallet,1,,pay_SYN00000791,2026-05-13T19:32:31+05:30
pa_000792,txn_000769,cust_0305,14900,INR,SUCCESS,,wallet,1,,pay_SYN00000792,2026-07-18T17:57:18+05:30
pa_000793,txn_000770,cust_0305,79900,INR,SUCCESS,,wallet,1,,pay_SYN00000793,2026-06-05T11:16:10+05:30
pa_000794,txn_000771,cust_0306,449700,INR,SUCCESS,,wallet,1,,pay_SYN00000794,2026-05-01T10:31:39+05:30
pa_000795,txn_000772,cust_0306,399900,INR,SUCCESS,,upi,1,,pay_SYN00000795,2026-04-14T13:18:35+05:30
pa_000796,txn_000773,cust_0307,799900,INR,SUCCESS,,upi,1,,pay_SYN00000796,2026-08-18T23:31:00+05:30
pa_000797,txn_000774,cust_0307,299900,INR,SUCCESS,,upi,1,,pay_SYN00000797,2026-08-21T21:16:51+05:30
pa_000798,txn_000775,cust_0307,399900,INR,SUCCESS,,card,1,,pay_SYN00000798,2026-05-27T10:35:45+05:30
pa_000799,txn_000776,cust_0307,899900,INR,SUCCESS,,netbanking,1,,pay_SYN00000799,2026-03-05T00:18:25+05:30
pa_000800,txn_000777,cust_0308,14900,INR,SUCCESS,,upi,1,,pay_SYN00000800,2026-04-14T11:52:49+05:30
pa_000801,txn_000778,cust_0308,14900,INR,SUCCESS,,upi,1,,pay_SYN00000801,2026-06-30T20:17:59+05:30
pa_000802,txn_000779,cust_0309,49900,INR,SUCCESS,,upi,1,,pay_SYN00000802,2026-09-01T10:58:51+05:30
pa_000803,txn_000780,cust_0310,149900,INR,SUCCESS,,card,1,,pay_SYN00000803,2026-07-09T12:13:23+05:30
pa_000804,txn_000781,cust_0310,49900,INR,SUCCESS,,wallet,1,,pay_SYN00000804,2026-03-08T20:44:12+05:30
pa_000805,txn_000782,cust_0311,249900,INR,SUCCESS,,wallet,1,,pay_SYN00000805,2026-04-23T17:02:35+05:30
pa_000806,txn_000783,cust_0312,149900,INR,SUCCESS,,netbanking,1,,pay_SYN00000806,2026-08-28T20:13:43+05:30
pa_000807,txn_000784,cust_0312,1499900,INR,SUCCESS,,wallet,1,,pay_SYN00000807,2026-07-11T13:05:42+05:30
pa_000808,txn_000785,cust_0313,79900,INR,SUCCESS,,netbanking,1,,pay_SYN00000808,2026-05-08T19:27:43+05:30
pa_000809,txn_000786,cust_0313,299900,INR,SUCCESS,,upi,1,,pay_SYN00000809,2026-04-06T23:29:04+05:30
pa_000810,txn_000787,cust_0314,299900,INR,SUCCESS,,netbanking,1,,pay_SYN00000810,2026-07-23T17:20:57+05:30
pa_000811,txn_000788,cust_0314,49900,INR,SUCCESS,,netbanking,1,,pay_SYN00000811,2026-07-23T15:45:05+05:30
pa_000812,txn_000789,cust_0315,79900,INR,SUCCESS,,upi,1,,pay_SYN00000812,2026-07-10T19:54:59+05:30
pa_000813,txn_000790,cust_0315,399900,INR,SUCCESS,,wallet,1,,pay_SYN00000813,2026-08-30T20:21:48+05:30
pa_000814,txn_000791,cust_0316,14900,INR,SUCCESS,,wallet,1,,pay_SYN00000814,2026-06-07T19:02:16+05:30
pa_000815,txn_000792,cust_0316,299900,INR,SUCCESS,,wallet,1,,pay_SYN00000815,2026-03-24T17:58:22+05:30
pa_000816,txn_000793,cust_0317,149900,INR,SUCCESS,,card,1,,pay_SYN00000816,2026-07-01T14:57:56+05:30
pa_000817,txn_000794,cust_0317,2699700,INR,SUCCESS,,upi,1,,pay_SYN00000817,2026-04-13T09:26:41+05:30
pa_000818,txn_000795,cust_0317,449900,INR,SUCCESS,,upi,1,,pay_SYN00000818,2026-03-02T14:27:05+05:30
pa_000819,txn_000796,cust_0317,1499900,INR,SUCCESS,,upi,1,,pay_SYN00000819,2026-05-22T10:29:55+05:30
pa_000820,txn_000797,cust_0317,2499900,INR,SUCCESS,,netbanking,1,,pay_SYN00000820,2026-07-28T08:13:12+05:30
pa_000821,txn_000798,cust_0317,4999800,INR,SUCCESS,,netbanking,1,,pay_SYN00000821,2026-05-18T21:30:31+05:30
pa_000822,txn_000799,cust_0317,149900,INR,SUCCESS,,wallet,1,,pay_SYN00000822,2026-05-09T14:59:12+05:30
pa_000823,txn_000800,cust_0317,449700,INR,SUCCESS,,card,1,,pay_SYN00000823,2026-03-21T11:50:52+05:30
pa_000824,txn_000801,cust_0319,299900,INR,SUCCESS,,upi,1,,pay_SYN00000824,2026-05-15T20:54:49+05:30
pa_000825,txn_000802,cust_0321,299900,INR,SUCCESS,,card,1,,pay_SYN00000825,2026-07-12T18:40:13+05:30
pa_000826,txn_000803,cust_0321,259800,INR,SUCCESS,,netbanking,1,,pay_SYN00000826,2026-03-26T17:50:41+05:30
pa_000827,txn_000804,cust_0323,49900,INR,SUCCESS,,card,1,,pay_SYN00000827,2026-03-10T08:32:53+05:30
pa_000828,txn_000805,cust_0323,129900,INR,SUCCESS,,netbanking,1,,pay_SYN00000828,2026-04-17T14:42:41+05:30
pa_000829,txn_000806,cust_0323,1499900,INR,SUCCESS,,wallet,1,,pay_SYN00000829,2026-05-25T01:57:48+05:30
pa_000830,txn_000807,cust_0324,129900,INR,SUCCESS,,card,1,,pay_SYN00000830,2026-04-19T12:58:59+05:30
pa_000831,txn_000808,cust_0325,299900,INR,SUCCESS,,netbanking,1,,pay_SYN00000831,2026-07-20T23:22:38+05:30
pa_000832,txn_000809,cust_0326,129900,INR,SUCCESS,,wallet,1,,pay_SYN00000832,2026-07-03T13:21:12+05:30
pa_000833,txn_000810,cust_0326,1199900,INR,SUCCESS,,upi,1,,pay_SYN00000833,2026-07-17T10:34:44+05:30
pa_000834,txn_000811,cust_0326,799900,INR,SUCCESS,,upi,1,,pay_SYN00000834,2026-07-07T14:19:47+05:30
pa_000835,txn_000812,cust_0326,149700,INR,SUCCESS,,card,1,,pay_SYN00000835,2026-04-08T11:21:59+05:30
pa_000836,txn_000813,cust_0327,49900,INR,SUCCESS,,card,1,,pay_SYN00000836,2026-08-05T14:08:28+05:30
pa_000837,txn_000814,cust_0327,129900,INR,SUCCESS,,wallet,1,,pay_SYN00000837,2026-06-29T17:13:00+05:30
pa_000838,txn_000815,cust_0327,449900,INR,SUCCESS,,netbanking,1,,pay_SYN00000838,2026-08-31T12:20:06+05:30
pa_000839,txn_000816,cust_0328,249900,INR,SUCCESS,,netbanking,1,,pay_SYN00000839,2026-06-11T10:04:25+05:30
pa_000840,txn_000817,cust_0329,49900,INR,SUCCESS,,netbanking,1,,pay_SYN00000840,2026-05-01T19:51:00+05:30
pa_000841,txn_000818,cust_0329,299900,INR,SUCCESS,,netbanking,1,,pay_SYN00000841,2026-07-06T01:39:00+05:30
pa_000842,txn_000819,cust_0329,249900,INR,SUCCESS,,netbanking,1,,pay_SYN00000842,2026-03-17T19:55:34+05:30
pa_000843,txn_000820,cust_0330,149900,INR,SUCCESS,,card,1,,pay_SYN00000843,2026-06-14T14:11:59+05:30
pa_000844,txn_000821,cust_0331,26999700,INR,SUCCESS,,netbanking,1,,pay_SYN00000844,2026-07-10T21:05:10+05:30
pa_000845,txn_000822,cust_0331,399900,INR,SUCCESS,,netbanking,1,,pay_SYN00000845,2026-06-12T10:38:51+05:30
pa_000846,txn_000823,cust_0331,449900,INR,SUCCESS,,wallet,1,,pay_SYN00000846,2026-04-25T21:13:06+05:30
pa_000847,txn_000824,cust_0331,6499900,INR,SUCCESS,,card,1,,pay_SYN00000847,2026-04-29T12:17:13+05:30
pa_000848,txn_000825,cust_0331,449900,INR,SUCCESS,,card,1,,pay_SYN00000848,2026-04-05T12:31:33+05:30
pa_000849,txn_000826,cust_0333,249900,INR,SUCCESS,,card,1,,pay_SYN00000849,2026-03-25T12:10:48+05:30
pa_000850,txn_000827,cust_0334,129900,INR,SUCCESS,,wallet,1,,pay_SYN00000850,2026-03-18T14:29:58+05:30
pa_000851,txn_000828,cust_0335,129900,INR,SUCCESS,,card,1,,pay_SYN00000851,2026-08-13T18:00:25+05:30
pa_000852,txn_000829,cust_0335,249900,INR,SUCCESS,,wallet,1,,pay_SYN00000852,2026-05-17T15:05:23+05:30
pa_000853,txn_000830,cust_0336,129900,INR,SUCCESS,,wallet,1,,pay_SYN00000853,2026-06-10T12:53:05+05:30
pa_000854,txn_000831,cust_0337,899900,INR,SUCCESS,,wallet,1,,pay_SYN00000854,2026-05-01T09:43:08+05:30
pa_000855,txn_000832,cust_0337,1199900,INR,SUCCESS,,wallet,1,,pay_SYN00000855,2026-04-20T12:31:12+05:30
pa_000856,txn_000833,cust_0337,149900,INR,SUCCESS,,card,1,,pay_SYN00000856,2026-04-02T19:56:34+05:30
pa_000857,txn_000834,cust_0337,299900,INR,SUCCESS,,wallet,1,,pay_SYN00000857,2026-03-18T14:18:01+05:30
pa_000858,txn_000835,cust_0337,1499900,INR,SUCCESS,,wallet,1,,pay_SYN00000858,2026-07-26T20:48:37+05:30
pa_000859,txn_000836,cust_0338,19900,INR,SUCCESS,,netbanking,1,,pay_SYN00000859,2026-03-02T14:40:44+05:30
pa_000860,txn_000837,cust_0339,14900,INR,SUCCESS,,card,1,,pay_SYN00000860,2026-07-28T19:55:44+05:30
pa_000861,txn_000838,cust_0341,1199900,INR,SUCCESS,,upi,1,,pay_SYN00000861,2026-06-23T21:45:16+05:30
pa_000862,txn_000839,cust_0341,49900,INR,SUCCESS,,netbanking,1,,pay_SYN00000862,2026-07-17T10:42:23+05:30
pa_000863,txn_000840,cust_0341,149900,INR,SUCCESS,,card,1,,pay_SYN00000863,2026-08-15T21:25:36+05:30
pa_000864,txn_000841,cust_0343,39800,INR,SUCCESS,,upi,1,,pay_SYN00000864,2026-05-03T09:07:04+05:30
pa_000865,txn_000842,cust_0343,299900,INR,SUCCESS,,wallet,1,,pay_SYN00000865,2026-06-16T13:09:02+05:30
pa_000866,txn_000843,cust_0344,49900,INR,SUCCESS,,upi,1,,pay_SYN00000866,2026-06-16T17:53:59+05:30
pa_000867,txn_000844,cust_0344,129900,INR,SUCCESS,,netbanking,1,,pay_SYN00000867,2026-03-05T19:55:45+05:30
pa_000868,txn_000845,cust_0344,899900,INR,SUCCESS,,netbanking,1,,pay_SYN00000868,2026-03-11T03:08:08+05:30
pa_000869,txn_000846,cust_0346,799900,INR,SUCCESS,,card,1,,pay_SYN00000869,2026-05-10T08:43:53+05:30
pa_000870,txn_000847,cust_0346,49900,INR,SUCCESS,,wallet,1,,pay_SYN00000870,2026-09-01T17:00:53+05:30
pa_000871,txn_000848,cust_0346,449900,INR,SUCCESS,,upi,1,,pay_SYN00000871,2026-03-03T12:52:13+05:30
pa_000872,txn_000849,cust_0346,249900,INR,SUCCESS,,upi,1,,pay_SYN00000872,2026-08-25T17:03:00+05:30
pa_000873,txn_000850,cust_0347,399900,INR,SUCCESS,,wallet,1,,pay_SYN00000873,2026-03-09T09:42:52+05:30
pa_000874,txn_000851,cust_0347,19900,INR,SUCCESS,,upi,1,,pay_SYN00000874,2026-05-05T11:10:56+05:30
pa_000875,txn_000852,cust_0348,14900,INR,SUCCESS,,card,1,,pay_SYN00000875,2026-08-25T12:32:38+05:30
pa_000876,txn_000853,cust_0349,79900,INR,SUCCESS,,netbanking,1,,pay_SYN00000876,2026-04-13T15:45:48+05:30
pa_000877,txn_000854,cust_0349,249900,INR,SUCCESS,,wallet,1,,pay_SYN00000877,2026-04-04T13:05:24+05:30
pa_000878,txn_000855,cust_0351,249900,INR,SUCCESS,,upi,1,,pay_SYN00000878,2026-04-28T15:38:35+05:30
pa_000879,txn_000856,cust_0352,49900,INR,SUCCESS,,upi,1,,pay_SYN00000879,2026-06-23T18:27:53+05:30
pa_000880,txn_000857,cust_0352,299900,INR,SUCCESS,,wallet,1,,pay_SYN00000880,2026-05-21T03:19:03+05:30
pa_000881,txn_000858,cust_0353,399900,INR,SUCCESS,,netbanking,1,,pay_SYN00000881,2026-05-14T11:43:25+05:30
pa_000882,txn_000859,cust_0353,299900,INR,SUCCESS,,card,1,,pay_SYN00000882,2026-05-13T10:51:40+05:30
pa_000883,txn_000860,cust_0353,799900,INR,SUCCESS,,upi,1,,pay_SYN00000883,2026-04-27T17:04:37+05:30
pa_000884,txn_000861,cust_0353,899900,INR,SUCCESS,,netbanking,1,,pay_SYN00000884,2026-06-03T21:00:10+05:30
pa_000885,txn_000862,cust_0353,299900,INR,SUCCESS,,netbanking,1,,pay_SYN00000885,2026-05-12T19:57:17+05:30
pa_000886,txn_000863,cust_0355,1199900,INR,SUCCESS,,card,1,,pay_SYN00000886,2026-06-21T10:53:46+05:30
pa_000887,txn_000864,cust_0355,1499900,INR,SUCCESS,,netbanking,1,,pay_SYN00000887,2026-06-10T20:45:10+05:30
pa_000888,txn_000865,cust_0355,3999900,INR,SUCCESS,,netbanking,1,,pay_SYN00000888,2026-05-16T19:33:22+05:30
pa_000889,txn_000866,cust_0355,449900,INR,SUCCESS,,netbanking,1,,pay_SYN00000889,2026-08-05T08:45:01+05:30
pa_000890,txn_000867,cust_0356,1199900,INR,SUCCESS,,wallet,1,,pay_SYN00000890,2026-03-29T13:17:26+05:30
pa_000891,txn_000868,cust_0356,1499900,INR,SUCCESS,,upi,1,,pay_SYN00000891,2026-03-11T09:45:25+05:30
pa_000892,txn_000869,cust_0356,799900,INR,SUCCESS,,netbanking,1,,pay_SYN00000892,2026-06-15T13:03:39+05:30
pa_000893,txn_000870,cust_0356,1599800,INR,SUCCESS,,wallet,1,,pay_SYN00000893,2026-06-22T20:15:22+05:30
pa_000894,txn_000871,cust_0356,399900,INR,SUCCESS,,card,1,,pay_SYN00000894,2026-03-27T17:51:11+05:30
pa_000895,txn_000872,cust_0356,8999900,INR,SUCCESS,,upi,1,,pay_SYN00000895,2026-03-20T06:08:04+05:30
pa_000896,txn_000873,cust_0356,7999800,INR,SUCCESS,,card,1,,pay_SYN00000896,2026-06-27T14:23:27+05:30
pa_000897,txn_000874,cust_0358,129900,INR,SUCCESS,,card,1,,pay_SYN00000897,2026-08-11T08:00:16+05:30
pa_000898,txn_000875,cust_0358,299900,INR,SUCCESS,,card,1,,pay_SYN00000898,2026-04-21T19:19:21+05:30
pa_000899,txn_000876,cust_0359,249900,INR,SUCCESS,,card,1,,pay_SYN00000899,2026-08-17T10:23:18+05:30
pa_000900,txn_000877,cust_0360,399900,INR,SUCCESS,,wallet,1,,pay_SYN00000900,2026-04-23T19:03:36+05:30
pa_000901,txn_000878,cust_0360,49900,INR,SUCCESS,,card,1,,pay_SYN00000901,2026-07-28T11:17:52+05:30
pa_000902,txn_000879,cust_0361,149900,INR,SUCCESS,,netbanking,1,,pay_SYN00000902,2026-07-13T19:59:03+05:30
pa_000903,txn_000880,cust_0361,299800,INR,SUCCESS,,wallet,1,,pay_SYN00000903,2026-06-17T13:44:29+05:30
pa_000904,txn_000881,cust_0361,399900,INR,SUCCESS,,netbanking,1,,pay_SYN00000904,2026-04-11T21:24:18+05:30
pa_000905,txn_000882,cust_0361,6499900,INR,SUCCESS,,card,1,,pay_SYN00000905,2026-08-18T15:31:36+05:30
pa_000906,txn_000883,cust_0361,149900,INR,SUCCESS,,netbanking,1,,pay_SYN00000906,2026-04-27T15:58:09+05:30
pa_000907,txn_000884,cust_0361,299900,INR,SUCCESS,,wallet,1,,pay_SYN00000907,2026-08-14T14:59:01+05:30
pa_000908,txn_000885,cust_0362,299900,INR,SUCCESS,,wallet,1,,pay_SYN00000908,2026-08-21T13:18:27+05:30
pa_000909,txn_000886,cust_0362,899900,INR,SUCCESS,,wallet,1,,pay_SYN00000909,2026-06-01T14:09:48+05:30
pa_000910,txn_000887,cust_0362,399900,INR,SUCCESS,,upi,1,,pay_SYN00000910,2026-06-02T20:57:30+05:30
pa_000911,txn_000888,cust_0362,1499900,INR,SUCCESS,,card,1,,pay_SYN00000911,2026-04-02T20:29:13+05:30
pa_000912,txn_000889,cust_0362,449900,INR,SUCCESS,,upi,1,,pay_SYN00000912,2026-07-18T08:55:27+05:30
pa_000913,txn_000890,cust_0363,49900,INR,SUCCESS,,card,1,,pay_SYN00000913,2026-05-06T09:39:31+05:30
pa_000914,txn_000891,cust_0363,899900,INR,SUCCESS,,card,1,,pay_SYN00000914,2026-06-24T19:17:34+05:30
pa_000915,txn_000892,cust_0363,129900,INR,SUCCESS,,upi,1,,pay_SYN00000915,2026-07-20T17:24:36+05:30
pa_000916,txn_000893,cust_0363,129900,INR,SUCCESS,,wallet,1,,pay_SYN00000916,2026-04-22T20:42:47+05:30
pa_000917,txn_000894,cust_0364,449700,INR,SUCCESS,,netbanking,1,,pay_SYN00000917,2026-06-29T02:14:48+05:30
pa_000918,txn_000895,cust_0364,399900,INR,SUCCESS,,wallet,1,,pay_SYN00000918,2026-06-08T14:46:53+05:30
pa_000919,txn_000896,cust_0364,49900,INR,SUCCESS,,wallet,1,,pay_SYN00000919,2026-07-09T17:18:37+05:30
pa_000920,txn_000897,cust_0364,799900,INR,SUCCESS,,upi,1,,pay_SYN00000920,2026-08-08T10:30:15+05:30
pa_000921,txn_000898,cust_0364,249900,INR,SUCCESS,,wallet,1,,pay_SYN00000921,2026-06-10T19:29:57+05:30
pa_000922,txn_000899,cust_0365,449900,INR,SUCCESS,,upi,1,,pay_SYN00000922,2026-08-21T16:36:28+05:30
pa_000923,txn_000900,cust_0365,249900,INR,SUCCESS,,upi,1,,pay_SYN00000923,2026-03-24T21:00:52+05:30
pa_000924,txn_000901,cust_0365,129900,INR,SUCCESS,,card,1,,pay_SYN00000924,2026-07-12T19:46:15+05:30
pa_000925,txn_000902,cust_0365,399900,INR,SUCCESS,,wallet,1,,pay_SYN00000925,2026-05-29T16:07:16+05:30
pa_000926,txn_000903,cust_0365,299900,INR,SUCCESS,,netbanking,1,,pay_SYN00000926,2026-05-29T13:05:08+05:30
pa_000927,txn_000904,cust_0367,79900,INR,SUCCESS,,wallet,1,,pay_SYN00000927,2026-04-21T12:18:19+05:30
pa_000928,txn_000905,cust_0368,1199900,INR,SUCCESS,,upi,1,,pay_SYN00000928,2026-07-02T11:29:37+05:30
pa_000929,txn_000906,cust_0368,149900,INR,SUCCESS,,upi,1,,pay_SYN00000929,2026-05-04T12:00:31+05:30
pa_000930,txn_000907,cust_0368,149900,INR,SUCCESS,,wallet,1,,pay_SYN00000930,2026-03-16T23:08:26+05:30
pa_000931,txn_000908,cust_0368,449900,INR,SUCCESS,,netbanking,1,,pay_SYN00000931,2026-03-04T06:22:09+05:30
pa_000932,txn_000909,cust_0368,1499900,INR,SUCCESS,,upi,1,,pay_SYN00000932,2026-03-21T12:06:35+05:30
pa_000933,txn_000910,cust_0368,799900,INR,SUCCESS,,netbanking,1,,pay_SYN00000933,2026-04-30T20:21:26+05:30
pa_000934,txn_000911,cust_0368,399900,INR,SUCCESS,,upi,1,,pay_SYN00000934,2026-06-22T19:17:49+05:30
pa_000935,txn_000912,cust_0369,249900,INR,SUCCESS,,card,1,,pay_SYN00000935,2026-08-12T11:32:53+05:30
pa_000936,txn_000913,cust_0369,19900,INR,SUCCESS,,card,1,,pay_SYN00000936,2026-08-31T12:56:36+05:30
pa_000937,txn_000914,cust_0370,749700,INR,SUCCESS,,wallet,1,,pay_SYN00000937,2026-05-11T20:45:48+05:30
pa_000938,txn_000915,cust_0370,399900,INR,SUCCESS,,netbanking,1,,pay_SYN00000938,2026-05-04T20:44:18+05:30
pa_000939,txn_000916,cust_0371,299900,INR,SUCCESS,,wallet,1,,pay_SYN00000939,2026-03-04T18:35:39+05:30
pa_000940,txn_000917,cust_0373,149900,INR,SUCCESS,,upi,1,,pay_SYN00000940,2026-04-05T09:32:09+05:30
pa_000941,txn_000918,cust_0373,6499900,INR,SUCCESS,,upi,1,,pay_SYN00000941,2026-04-20T12:22:27+05:30
pa_000942,txn_000919,cust_0373,799900,INR,SUCCESS,,netbanking,1,,pay_SYN00000942,2026-08-31T15:59:27+05:30
pa_000943,txn_000920,cust_0373,399900,INR,SUCCESS,,card,1,,pay_SYN00000943,2026-05-18T15:16:56+05:30
pa_000944,txn_000921,cust_0373,249900,INR,SUCCESS,,card,1,,pay_SYN00000944,2026-05-05T14:09:21+05:30
pa_000945,txn_000922,cust_0373,2499900,INR,SUCCESS,,netbanking,1,,pay_SYN00000945,2026-04-23T20:20:58+05:30
pa_000946,txn_000923,cust_0373,1499900,INR,SUCCESS,,wallet,1,,pay_SYN00000946,2026-08-13T06:24:25+05:30
pa_000947,txn_000924,cust_0373,1199900,INR,SUCCESS,,netbanking,1,,pay_SYN00000947,2026-07-24T11:20:38+05:30
pa_000948,txn_000925,cust_0374,299900,INR,SUCCESS,,wallet,1,,pay_SYN00000948,2026-06-17T14:15:23+05:30
pa_000949,txn_000926,cust_0374,399900,INR,SUCCESS,,upi,1,,pay_SYN00000949,2026-07-24T08:58:32+05:30
pa_000950,txn_000927,cust_0374,149900,INR,SUCCESS,,wallet,1,,pay_SYN00000950,2026-05-16T10:05:12+05:30
pa_000951,txn_000928,cust_0374,399900,INR,SUCCESS,,upi,1,,pay_SYN00000951,2026-04-16T17:22:05+05:30
pa_000952,txn_000929,cust_0374,799900,INR,SUCCESS,,upi,1,,pay_SYN00000952,2026-06-01T08:21:19+05:30
pa_000953,txn_000930,cust_0376,149900,INR,SUCCESS,,card,1,,pay_SYN00000953,2026-03-17T21:39:21+05:30
pa_000954,txn_000931,cust_0376,799900,INR,SUCCESS,,wallet,1,,pay_SYN00000954,2026-08-21T13:22:57+05:30
pa_000955,txn_000932,cust_0376,299900,INR,SUCCESS,,wallet,1,,pay_SYN00000955,2026-03-25T11:19:33+05:30
pa_000956,txn_000933,cust_0376,1499900,INR,SUCCESS,,upi,1,,pay_SYN00000956,2026-05-14T12:18:19+05:30
pa_000957,txn_000934,cust_0377,249900,INR,SUCCESS,,netbanking,1,,pay_SYN00000957,2026-05-14T17:57:19+05:30
pa_000958,txn_000935,cust_0378,129900,INR,SUCCESS,,wallet,1,,pay_SYN00000958,2026-03-26T12:40:59+05:30
pa_000959,txn_000936,cust_0379,149900,INR,SUCCESS,,wallet,1,,pay_SYN00000959,2026-07-20T14:12:16+05:30
pa_000960,txn_000937,cust_0380,79900,INR,SUCCESS,,netbanking,1,,pay_SYN00000960,2026-03-11T16:12:18+05:30
pa_000961,txn_000938,cust_0381,1499900,INR,SUCCESS,,wallet,1,,pay_SYN00000961,2026-08-12T19:09:32+05:30
pa_000962,txn_000939,cust_0381,299900,INR,SUCCESS,,netbanking,1,,pay_SYN00000962,2026-06-11T19:19:16+05:30
pa_000963,txn_000940,cust_0381,149900,INR,SUCCESS,,upi,1,,pay_SYN00000963,2026-03-20T12:22:56+05:30
pa_000964,txn_000941,cust_0382,449900,INR,SUCCESS,,netbanking,1,,pay_SYN00000964,2026-03-26T21:07:05+05:30
pa_000965,txn_000942,cust_0382,299900,INR,SUCCESS,,wallet,1,,pay_SYN00000965,2026-03-11T12:05:01+05:30
pa_000966,txn_000943,cust_0382,1799800,INR,SUCCESS,,wallet,1,,pay_SYN00000966,2026-05-27T09:18:01+05:30
pa_000967,txn_000944,cust_0382,19499700,INR,SUCCESS,,wallet,1,,pay_SYN00000967,2026-03-18T11:26:02+05:30
pa_000968,txn_000945,cust_0383,129900,INR,SUCCESS,,upi,1,,pay_SYN00000968,2026-04-21T10:53:57+05:30
pa_000969,txn_000946,cust_0384,249900,INR,SUCCESS,,card,1,,pay_SYN00000969,2026-05-27T20:25:00+05:30
pa_000970,txn_000947,cust_0385,149900,INR,SUCCESS,,wallet,1,,pay_SYN00000970,2026-04-18T18:18:01+05:30
pa_000971,txn_000948,cust_0385,149900,INR,SUCCESS,,upi,1,,pay_SYN00000971,2026-03-17T12:53:58+05:30
pa_000972,txn_000949,cust_0386,79900,INR,SUCCESS,,upi,1,,pay_SYN00000972,2026-05-28T11:22:00+05:30
pa_000973,txn_000950,cust_0387,2699700,INR,SUCCESS,,upi,1,,pay_SYN00000973,2026-05-27T12:31:45+05:30
pa_000974,txn_000951,cust_0387,1499900,INR,SUCCESS,,netbanking,1,,pay_SYN00000974,2026-07-15T20:01:58+05:30
pa_000975,txn_000952,cust_0389,19900,INR,SUCCESS,,card,1,,pay_SYN00000975,2026-05-20T15:10:16+05:30
pa_000976,txn_000953,cust_0390,1199900,INR,SUCCESS,,upi,1,,pay_SYN00000976,2026-04-15T18:38:13+05:30
pa_000977,txn_000954,cust_0390,899900,INR,SUCCESS,,upi,1,,pay_SYN00000977,2026-07-22T21:31:25+05:30
pa_000978,txn_000955,cust_0390,129900,INR,SUCCESS,,card,1,,pay_SYN00000978,2026-03-18T17:07:07+05:30
pa_000979,txn_000956,cust_0390,299900,INR,SUCCESS,,upi,1,,pay_SYN00000979,2026-03-21T11:23:23+05:30
pa_000980,txn_000957,cust_0392,129900,INR,SUCCESS,,card,1,,pay_SYN00000980,2026-08-27T22:54:37+05:30
pa_000981,txn_000958,cust_0393,129900,INR,SUCCESS,,netbanking,1,,pay_SYN00000981,2026-06-02T10:18:16+05:30
pa_000982,txn_000959,cust_0393,299900,INR,SUCCESS,,upi,1,,pay_SYN00000982,2026-04-06T20:17:20+05:30
pa_000983,txn_000960,cust_0395,749700,INR,SUCCESS,,wallet,1,,pay_SYN00000983,2026-04-28T20:06:24+05:30
pa_000984,txn_000961,cust_0395,49900,INR,SUCCESS,,wallet,1,,pay_SYN00000984,2026-05-28T12:29:23+05:30
pa_000985,txn_000962,cust_0395,449900,INR,SUCCESS,,wallet,1,,pay_SYN00000985,2026-03-12T09:36:49+05:30
pa_000986,txn_000963,cust_0395,79900,INR,SUCCESS,,upi,1,,pay_SYN00000986,2026-07-08T19:07:57+05:30
pa_000987,txn_000964,cust_0396,49900,INR,SUCCESS,,upi,1,,pay_SYN00000987,2026-04-24T19:41:27+05:30
pa_000988,txn_000965,cust_0396,19900,INR,SUCCESS,,netbanking,1,,pay_SYN00000988,2026-07-06T11:32:45+05:30
pa_000989,txn_000966,cust_0397,249900,INR,SUCCESS,,wallet,1,,pay_SYN00000989,2026-07-24T19:31:27+05:30
pa_000990,txn_000967,cust_0397,1199900,INR,SUCCESS,,card,1,,pay_SYN00000990,2026-03-26T19:25:42+05:30
pa_000991,txn_000968,cust_0397,449900,INR,SUCCESS,,netbanking,1,,pay_SYN00000991,2026-06-08T12:49:06+05:30
pa_000992,txn_000969,cust_0400,399900,INR,SUCCESS,,card,1,,pay_SYN00000992,2026-07-19T22:52:49+05:30
pa_000993,txn_000970,cust_0402,49900,INR,SUCCESS,,wallet,1,,pay_SYN00000993,2026-08-05T09:27:29+05:30
pa_000994,txn_000971,cust_0402,899900,INR,SUCCESS,,wallet,1,,pay_SYN00000994,2026-04-16T21:55:56+05:30
pa_000995,txn_000972,cust_0402,1349700,INR,SUCCESS,,upi,1,,pay_SYN00000995,2026-03-16T21:46:47+05:30
pa_000996,txn_000973,cust_0404,249900,INR,SUCCESS,,card,1,,pay_SYN00000996,2026-04-18T14:56:50+05:30
pa_000997,txn_000974,cust_0404,149900,INR,SUCCESS,,upi,1,,pay_SYN00000997,2026-04-20T21:21:34+05:30
pa_000998,txn_000975,cust_0405,1499900,INR,SUCCESS,,card,1,,pay_SYN00000998,2026-04-07T13:54:39+05:30
pa_000999,txn_000976,cust_0405,129900,INR,SUCCESS,,upi,1,,pay_SYN00000999,2026-04-15T17:05:56+05:30
pa_001000,txn_000977,cust_0405,1199900,INR,SUCCESS,,wallet,1,,pay_SYN00001000,2026-06-08T20:28:19+05:30
pa_001001,txn_000978,cust_0405,49900,INR,SUCCESS,,wallet,1,,pay_SYN00001001,2026-06-29T18:36:00+05:30
pa_001002,txn_000979,cust_0405,249900,INR,SUCCESS,,card,1,,pay_SYN00001002,2026-03-20T13:55:51+05:30
pa_001003,txn_000980,cust_0406,399900,INR,SUCCESS,,netbanking,1,,pay_SYN00001003,2026-04-25T16:29:32+05:30
pa_001004,txn_000981,cust_0406,249900,INR,SUCCESS,,netbanking,1,,pay_SYN00001004,2026-04-16T08:55:05+05:30
pa_001005,txn_000982,cust_0407,3999900,INR,SUCCESS,,card,1,,pay_SYN00001005,2026-05-06T12:25:22+05:30
pa_001006,txn_000983,cust_0407,399900,INR,SUCCESS,,upi,1,,pay_SYN00001006,2026-05-18T19:53:09+05:30
pa_001007,txn_000984,cust_0407,6499900,INR,SUCCESS,,upi,1,,pay_SYN00001007,2026-06-02T12:56:02+05:30
pa_001008,txn_000985,cust_0407,6499900,INR,SUCCESS,,wallet,1,,pay_SYN00001008,2026-05-16T08:21:42+05:30
pa_001009,txn_000986,cust_0407,1199900,INR,SUCCESS,,card,1,,pay_SYN00001009,2026-08-17T21:55:36+05:30
pa_001010,txn_000987,cust_0408,449900,INR,SUCCESS,,upi,1,,pay_SYN00001010,2026-07-02T19:25:44+05:30
pa_001011,txn_000988,cust_0408,6499900,INR,SUCCESS,,wallet,1,,pay_SYN00001011,2026-06-22T19:25:25+05:30
pa_001012,txn_000989,cust_0408,399900,INR,SUCCESS,,wallet,1,,pay_SYN00001012,2026-03-17T11:57:58+05:30
pa_001013,txn_000990,cust_0408,399900,INR,SUCCESS,,wallet,1,,pay_SYN00001013,2026-04-10T19:33:39+05:30
pa_001014,txn_000991,cust_0408,1499900,INR,SUCCESS,,netbanking,1,,pay_SYN00001014,2026-08-24T19:19:34+05:30
pa_001015,txn_000992,cust_0408,1199900,INR,SUCCESS,,netbanking,1,,pay_SYN00001015,2026-07-10T16:48:25+05:30
pa_001016,txn_000993,cust_0409,299900,INR,SUCCESS,,netbanking,1,,pay_SYN00001016,2026-04-23T10:29:07+05:30
pa_001017,txn_000994,cust_0409,3999900,INR,SUCCESS,,wallet,1,,pay_SYN00001017,2026-04-28T19:17:51+05:30
pa_001018,txn_000995,cust_0409,1499900,INR,SUCCESS,,netbanking,1,,pay_SYN00001018,2026-04-30T08:55:49+05:30
pa_001019,txn_000996,cust_0409,1199900,INR,SUCCESS,,netbanking,1,,pay_SYN00001019,2026-05-17T22:29:04+05:30
pa_001020,txn_000997,cust_0411,249900,INR,SUCCESS,,wallet,1,,pay_SYN00001020,2026-03-16T12:43:05+05:30
pa_001021,txn_000998,cust_0412,299900,INR,SUCCESS,,upi,1,,pay_SYN00001021,2026-04-27T20:08:45+05:30
pa_001022,txn_000999,cust_0413,299900,INR,SUCCESS,,netbanking,1,,pay_SYN00001022,2026-08-18T15:22:49+05:30
pa_001023,txn_001000,cust_0413,399900,INR,SUCCESS,,netbanking,1,,pay_SYN00001023,2026-06-24T20:25:10+05:30
pa_001024,txn_001001,cust_0413,599800,INR,SUCCESS,,upi,1,,pay_SYN00001024,2026-04-23T18:45:43+05:30
pa_001025,txn_001002,cust_0413,599800,INR,SUCCESS,,card,1,,pay_SYN00001025,2026-07-16T16:31:07+05:30
pa_001026,txn_001003,cust_0413,249900,INR,SUCCESS,,wallet,1,,pay_SYN00001026,2026-08-31T14:45:49+05:30
pa_001027,txn_001004,cust_0413,399900,INR,SUCCESS,,upi,1,,pay_SYN00001027,2026-05-07T13:12:27+05:30
pa_001028,txn_001005,cust_0413,449900,INR,SUCCESS,,card,1,,pay_SYN00001028,2026-06-15T20:51:24+05:30
pa_001029,txn_001006,cust_0413,1499900,INR,SUCCESS,,netbanking,1,,pay_SYN00001029,2026-07-31T15:49:25+05:30
pa_001030,txn_001007,cust_0414,79900,INR,SUCCESS,,wallet,1,,pay_SYN00001030,2026-06-07T17:13:01+05:30
pa_001031,txn_001008,cust_0415,149900,INR,SUCCESS,,card,1,,pay_SYN00001031,2026-08-23T18:26:06+05:30
pa_001032,txn_001009,cust_0415,249900,INR,SUCCESS,,netbanking,1,,pay_SYN00001032,2026-03-09T15:10:05+05:30
pa_001033,txn_001010,cust_0415,7499700,INR,SUCCESS,,upi,1,,pay_SYN00001033,2026-04-28T09:53:31+05:30
pa_001034,txn_001011,cust_0415,1499900,INR,SUCCESS,,netbanking,1,,pay_SYN00001034,2026-06-24T16:23:50+05:30
pa_001035,txn_001012,cust_0415,6499900,INR,SUCCESS,,card,1,,pay_SYN00001035,2026-04-02T20:58:57+05:30
pa_001036,txn_001013,cust_0415,399900,INR,SUCCESS,,card,1,,pay_SYN00001036,2026-05-11T08:11:59+05:30
pa_001037,txn_001014,cust_0415,1199900,INR,SUCCESS,,netbanking,1,,pay_SYN00001037,2026-07-14T19:38:02+05:30
pa_001038,txn_001015,cust_0418,799900,INR,SUCCESS,,netbanking,1,,pay_SYN00001038,2026-05-11T06:10:40+05:30
pa_001039,txn_001016,cust_0418,2699700,INR,SUCCESS,,wallet,1,,pay_SYN00001039,2026-06-19T17:51:15+05:30
pa_001040,txn_001017,cust_0418,899700,INR,SUCCESS,,upi,1,,pay_SYN00001040,2026-04-24T20:02:10+05:30
pa_001041,txn_001018,cust_0419,149900,INR,SUCCESS,,wallet,1,,pay_SYN00001041,2026-08-24T12:40:36+05:30
pa_001042,txn_001019,cust_0419,449900,INR,SUCCESS,,card,1,,pay_SYN00001042,2026-06-01T10:48:09+05:30
pa_001043,txn_001020,cust_0419,799900,INR,SUCCESS,,upi,1,,pay_SYN00001043,2026-05-26T16:33:04+05:30
pa_001044,txn_001021,cust_0419,299900,INR,SUCCESS,,wallet,1,,pay_SYN00001044,2026-04-13T18:49:37+05:30
pa_001045,txn_001022,cust_0419,1199900,INR,SUCCESS,,netbanking,1,,pay_SYN00001045,2026-06-18T10:42:03+05:30
pa_001046,txn_001023,cust_0420,79900,INR,SUCCESS,,upi,1,,pay_SYN00001046,2026-05-20T20:45:20+05:30
pa_001047,txn_001024,cust_0420,249900,INR,SUCCESS,,netbanking,1,,pay_SYN00001047,2026-07-05T19:29:31+05:30
pa_001048,txn_001025,cust_0422,1199900,INR,SUCCESS,,card,1,,pay_SYN00001048,2026-05-09T12:15:03+05:30
pa_001049,txn_001026,cust_0422,1599800,INR,SUCCESS,,card,1,,pay_SYN00001049,2026-04-28T14:18:50+05:30
pa_001050,txn_001027,cust_0422,1499900,INR,SUCCESS,,card,1,,pay_SYN00001050,2026-06-01T22:59:40+05:30
pa_001051,txn_001028,cust_0422,6499900,INR,SUCCESS,,card,1,,pay_SYN00001051,2026-04-16T18:32:08+05:30
pa_001052,txn_001029,cust_0422,449900,INR,SUCCESS,,card,1,,pay_SYN00001052,2026-05-16T20:56:42+05:30
pa_001053,txn_001030,cust_0423,749700,INR,SUCCESS,,card,1,,pay_SYN00001053,2026-04-16T20:45:31+05:30
pa_001054,txn_001031,cust_0423,14900,INR,SUCCESS,,wallet,1,,pay_SYN00001054,2026-06-05T13:24:40+05:30
pa_001055,txn_001032,cust_0424,19900,INR,SUCCESS,,upi,1,,pay_SYN00001055,2026-03-20T15:36:21+05:30
pa_001056,txn_001033,cust_0424,149900,INR,SUCCESS,,netbanking,1,,pay_SYN00001056,2026-04-28T16:02:35+05:30
pa_001057,txn_001034,cust_0426,249900,INR,SUCCESS,,upi,1,,pay_SYN00001057,2026-07-30T18:20:47+05:30
pa_001058,txn_001035,cust_0426,2499900,INR,SUCCESS,,netbanking,1,,pay_SYN00001058,2026-03-02T11:38:39+05:30
pa_001059,txn_001036,cust_0426,8999900,INR,SUCCESS,,wallet,1,,pay_SYN00001059,2026-06-01T19:23:53+05:30
pa_001060,txn_001037,cust_0426,299900,INR,SUCCESS,,upi,1,,pay_SYN00001060,2026-03-20T08:03:27+05:30
pa_001061,txn_001038,cust_0427,129900,INR,SUCCESS,,card,1,,pay_SYN00001061,2026-03-17T18:06:33+05:30
pa_001062,txn_001039,cust_0428,299900,INR,SUCCESS,,upi,1,,pay_SYN00001062,2026-04-29T12:11:28+05:30
pa_001063,txn_001040,cust_0429,1199700,INR,SUCCESS,,netbanking,1,,pay_SYN00001063,2026-09-01T16:43:41+05:30
pa_001064,txn_001041,cust_0430,1499900,INR,SUCCESS,,netbanking,1,,pay_SYN00001064,2026-07-01T08:25:29+05:30
pa_001065,txn_001042,cust_0430,149900,INR,SUCCESS,,card,1,,pay_SYN00001065,2026-08-12T14:26:49+05:30
pa_001066,txn_001043,cust_0430,249900,INR,SUCCESS,,netbanking,1,,pay_SYN00001066,2026-03-28T18:20:01+05:30
pa_001067,txn_001044,cust_0430,1499900,INR,SUCCESS,,card,1,,pay_SYN00001067,2026-08-12T22:49:52+05:30
pa_001068,txn_001045,cust_0431,49900,INR,SUCCESS,,netbanking,1,,pay_SYN00001068,2026-05-29T16:22:42+05:30
pa_001069,txn_001046,cust_0431,1499900,INR,SUCCESS,,netbanking,1,,pay_SYN00001069,2026-05-05T09:32:46+05:30
pa_001070,txn_001047,cust_0431,799900,INR,SUCCESS,,wallet,1,,pay_SYN00001070,2026-03-19T12:16:20+05:30
pa_001071,txn_001048,cust_0431,129900,INR,SUCCESS,,card,1,,pay_SYN00001071,2026-04-25T20:51:06+05:30
pa_001072,txn_001049,cust_0431,1499900,INR,SUCCESS,,upi,1,,pay_SYN00001072,2026-05-28T12:10:59+05:30
pa_001073,txn_001050,cust_0432,129900,INR,SUCCESS,,wallet,1,,pay_SYN00001073,2026-05-29T23:01:45+05:30
pa_001074,txn_001051,cust_0432,79900,INR,SUCCESS,,card,1,,pay_SYN00001074,2026-06-28T16:05:29+05:30
pa_001075,txn_001052,cust_0432,749700,INR,SUCCESS,,upi,1,,pay_SYN00001075,2026-07-16T14:38:29+05:30
pa_001076,txn_001053,cust_0432,299900,INR,SUCCESS,,wallet,1,,pay_SYN00001076,2026-03-04T16:44:02+05:30
pa_001077,txn_001054,cust_0432,79900,INR,SUCCESS,,wallet,1,,pay_SYN00001077,2026-08-17T11:39:01+05:30
pa_001078,txn_001055,cust_0434,899900,INR,SUCCESS,,upi,1,,pay_SYN00001078,2026-06-17T14:20:38+05:30
pa_001079,txn_001056,cust_0434,249900,INR,SUCCESS,,upi,1,,pay_SYN00001079,2026-05-28T17:30:45+05:30
pa_001080,txn_001057,cust_0434,249900,INR,SUCCESS,,card,1,,pay_SYN00001080,2026-07-14T15:49:51+05:30
pa_001081,txn_001058,cust_0434,2499900,INR,SUCCESS,,wallet,1,,pay_SYN00001081,2026-04-24T23:04:40+05:30
pa_001082,txn_001059,cust_0434,299900,INR,SUCCESS,,netbanking,1,,pay_SYN00001082,2026-04-15T15:33:35+05:30
pa_001083,txn_001060,cust_0434,6499900,INR,SUCCESS,,wallet,1,,pay_SYN00001083,2026-08-25T08:09:30+05:30
pa_001084,txn_001061,cust_0434,8999900,INR,SUCCESS,,wallet,1,,pay_SYN00001084,2026-06-22T20:24:45+05:30
pa_001085,txn_001062,cust_0435,599800,INR,SUCCESS,,netbanking,1,,pay_SYN00001085,2026-04-07T00:50:19+05:30
pa_001086,txn_001063,cust_0435,49900,INR,SUCCESS,,upi,1,,pay_SYN00001086,2026-05-10T20:08:17+05:30
pa_001087,txn_001064,cust_0435,1499900,INR,SUCCESS,,card,1,,pay_SYN00001087,2026-07-13T16:44:25+05:30
pa_001088,txn_001065,cust_0437,299900,INR,SUCCESS,,upi,1,,pay_SYN00001088,2026-05-27T13:44:13+05:30
pa_001089,txn_001066,cust_0437,2699700,INR,SUCCESS,,netbanking,1,,pay_SYN00001089,2026-06-27T11:16:38+05:30
pa_001090,txn_001067,cust_0437,249900,INR,SUCCESS,,netbanking,1,,pay_SYN00001090,2026-05-11T18:02:11+05:30
pa_001091,txn_001068,cust_0439,129900,INR,SUCCESS,,upi,1,,pay_SYN00001091,2026-06-19T18:35:37+05:30
pa_001092,txn_001069,cust_0441,1199700,INR,SUCCESS,,wallet,1,,pay_SYN00001092,2026-08-26T20:49:28+05:30
pa_001093,txn_001070,cust_0442,19900,INR,SUCCESS,,netbanking,1,,pay_SYN00001093,2026-04-13T13:58:58+05:30
pa_001094,txn_001071,cust_0443,79900,INR,SUCCESS,,netbanking,1,,pay_SYN00001094,2026-07-20T11:48:25+05:30
pa_001095,txn_001072,cust_0444,299900,INR,SUCCESS,,upi,1,,pay_SYN00001095,2026-03-07T15:23:15+05:30
pa_001096,txn_001073,cust_0444,1199900,INR,SUCCESS,,wallet,1,,pay_SYN00001096,2026-09-01T20:23:02+05:30
pa_001097,txn_001074,cust_0445,799900,INR,SUCCESS,,card,1,,pay_SYN00001097,2026-08-04T19:09:07+05:30
pa_001098,txn_001075,cust_0445,899900,INR,SUCCESS,,wallet,1,,pay_SYN00001098,2026-04-23T14:30:03+05:30
pa_001099,txn_001076,cust_0445,1499900,INR,SUCCESS,,wallet,1,,pay_SYN00001099,2026-07-17T18:40:47+05:30
pa_001100,txn_001077,cust_0446,149900,INR,SUCCESS,,netbanking,1,,pay_SYN00001100,2026-03-02T19:30:13+05:30
pa_001101,txn_001078,cust_0446,299900,INR,SUCCESS,,wallet,1,,pay_SYN00001101,2026-07-07T21:49:56+05:30
pa_001102,txn_001079,cust_0447,249900,INR,SUCCESS,,card,1,,pay_SYN00001102,2026-03-30T19:48:52+05:30
pa_001103,txn_001080,cust_0447,149700,INR,SUCCESS,,netbanking,1,,pay_SYN00001103,2026-05-14T22:54:14+05:30
pa_001104,txn_001081,cust_0448,79900,INR,SUCCESS,,netbanking,1,,pay_SYN00001104,2026-08-22T18:13:06+05:30
pa_001105,txn_001082,cust_0448,899900,INR,SUCCESS,,netbanking,1,,pay_SYN00001105,2026-03-30T11:53:55+05:30
pa_001106,txn_001083,cust_0448,399900,INR,SUCCESS,,netbanking,1,,pay_SYN00001106,2026-07-24T11:36:26+05:30
pa_001107,txn_001084,cust_0448,1499900,INR,SUCCESS,,wallet,1,,pay_SYN00001107,2026-08-25T10:36:17+05:30
pa_001108,txn_001085,cust_0450,129900,INR,SUCCESS,,card,1,,pay_SYN00001108,2026-03-16T14:00:58+05:30
pa_001109,txn_001086,cust_0450,19900,INR,SUCCESS,,card,1,,pay_SYN00001109,2026-04-21T19:47:55+05:30
pa_001110,txn_001087,cust_0451,49900,INR,SUCCESS,,upi,1,,pay_SYN00001110,2026-07-04T15:29:16+05:30
pa_001111,txn_001088,cust_0451,2699700,INR,SUCCESS,,card,1,,pay_SYN00001111,2026-06-15T18:37:43+05:30
pa_001112,txn_001089,cust_0452,249900,INR,SUCCESS,,netbanking,1,,pay_SYN00001112,2026-05-18T15:18:24+05:30
pa_001113,txn_001090,cust_0452,149900,INR,SUCCESS,,netbanking,1,,pay_SYN00001113,2026-08-24T18:33:43+05:30
pa_001114,txn_001091,cust_0453,49900,INR,SUCCESS,,netbanking,1,,pay_SYN00001114,2026-05-07T21:48:57+05:30
pa_001115,txn_001092,cust_0453,249900,INR,SUCCESS,,netbanking,1,,pay_SYN00001115,2026-05-02T18:38:09+05:30
pa_001116,txn_001093,cust_0454,449900,INR,SUCCESS,,wallet,1,,pay_SYN00001116,2026-05-27T18:05:49+05:30
pa_001117,txn_001094,cust_0454,799900,INR,SUCCESS,,wallet,1,,pay_SYN00001117,2026-03-04T21:24:48+05:30
pa_001118,txn_001095,cust_0454,2499900,INR,SUCCESS,,wallet,1,,pay_SYN00001118,2026-08-07T16:16:43+05:30
pa_001119,txn_001096,cust_0454,7999800,INR,SUCCESS,,card,1,,pay_SYN00001119,2026-06-03T22:35:45+05:30
pa_001120,txn_001097,cust_0456,399900,INR,SUCCESS,,upi,1,,pay_SYN00001120,2026-07-18T22:16:51+05:30
pa_001121,txn_001098,cust_0456,129900,INR,SUCCESS,,wallet,1,,pay_SYN00001121,2026-04-23T18:36:44+05:30
pa_001122,txn_001099,cust_0456,799900,INR,SUCCESS,,card,1,,pay_SYN00001122,2026-07-13T15:57:20+05:30
pa_001123,txn_001100,cust_0456,1199900,INR,SUCCESS,,netbanking,1,,pay_SYN00001123,2026-06-25T19:01:27+05:30
pa_001124,txn_001101,cust_0457,449900,INR,SUCCESS,,netbanking,1,,pay_SYN00001124,2026-08-18T17:14:34+05:30
pa_001125,txn_001102,cust_0457,249900,INR,SUCCESS,,upi,1,,pay_SYN00001125,2026-07-27T19:25:08+05:30
pa_001126,txn_001103,cust_0457,399900,INR,SUCCESS,,netbanking,1,,pay_SYN00001126,2026-04-10T11:15:48+05:30
pa_001127,txn_001104,cust_0457,299900,INR,SUCCESS,,upi,1,,pay_SYN00001127,2026-06-02T13:19:58+05:30
pa_001128,txn_001105,cust_0460,149900,INR,SUCCESS,,netbanking,1,,pay_SYN00001128,2026-05-19T13:19:44+05:30
pa_001129,txn_001106,cust_0460,19900,INR,SUCCESS,,wallet,1,,pay_SYN00001129,2026-05-28T19:00:22+05:30
pa_001130,txn_001107,cust_0461,399900,INR,SUCCESS,,wallet,1,,pay_SYN00001130,2026-05-08T11:44:23+05:30
pa_001131,txn_001108,cust_0461,799900,INR,SUCCESS,,netbanking,1,,pay_SYN00001131,2026-07-17T10:17:52+05:30
pa_001132,txn_001109,cust_0461,299900,INR,SUCCESS,,card,1,,pay_SYN00001132,2026-08-11T20:17:26+05:30
pa_001133,txn_001110,cust_0461,1499900,INR,SUCCESS,,wallet,1,,pay_SYN00001133,2026-04-11T19:07:47+05:30
pa_001134,txn_001111,cust_0462,799900,INR,SUCCESS,,card,1,,pay_SYN00001134,2026-04-02T16:18:41+05:30
pa_001135,txn_001112,cust_0462,129900,INR,SUCCESS,,card,1,,pay_SYN00001135,2026-05-16T18:57:44+05:30
pa_001136,txn_001113,cust_0462,79900,INR,SUCCESS,,card,1,,pay_SYN00001136,2026-08-21T17:22:31+05:30
pa_001137,txn_001114,cust_0462,799900,INR,SUCCESS,,card,1,,pay_SYN00001137,2026-08-26T08:21:20+05:30
pa_001138,txn_001115,cust_0462,599800,INR,SUCCESS,,card,1,,pay_SYN00001138,2026-04-20T14:11:12+05:30
pa_001139,txn_001116,cust_0463,249900,INR,SUCCESS,,netbanking,1,,pay_SYN00001139,2026-08-02T11:55:57+05:30
pa_001140,txn_001117,cust_0466,899700,INR,SUCCESS,,netbanking,1,,pay_SYN00001140,2026-08-17T07:58:30+05:30
pa_001141,txn_001118,cust_0467,14900,INR,SUCCESS,,netbanking,1,,pay_SYN00001141,2026-05-12T16:01:05+05:30
pa_001142,txn_001119,cust_0468,299900,INR,SUCCESS,,netbanking,1,,pay_SYN00001142,2026-07-03T16:52:11+05:30
pa_001143,txn_001120,cust_0468,79900,INR,SUCCESS,,wallet,1,,pay_SYN00001143,2026-05-07T17:14:41+05:30
pa_001144,txn_001121,cust_0469,399900,INR,SUCCESS,,card,1,,pay_SYN00001144,2026-07-19T14:50:41+05:30
pa_001145,txn_001122,cust_0469,449900,INR,SUCCESS,,upi,1,,pay_SYN00001145,2026-05-27T19:07:21+05:30
pa_001146,txn_001123,cust_0469,49900,INR,SUCCESS,,wallet,1,,pay_SYN00001146,2026-04-04T15:10:50+05:30
pa_001147,txn_001124,cust_0469,399900,INR,SUCCESS,,upi,1,,pay_SYN00001147,2026-08-04T10:58:45+05:30
pa_001148,txn_001125,cust_0469,1199900,INR,SUCCESS,,wallet,1,,pay_SYN00001148,2026-05-25T20:20:49+05:30
pa_001149,txn_001126,cust_0470,899900,INR,SUCCESS,,card,1,,pay_SYN00001149,2026-03-18T20:09:10+05:30
pa_001150,txn_001127,cust_0470,129900,INR,SUCCESS,,wallet,1,,pay_SYN00001150,2026-03-17T16:03:52+05:30
pa_001151,txn_001128,cust_0470,799900,INR,SUCCESS,,upi,1,,pay_SYN00001151,2026-04-12T22:23:11+05:30
pa_001152,txn_001129,cust_0470,49900,INR,SUCCESS,,netbanking,1,,pay_SYN00001152,2026-08-17T20:13:17+05:30
pa_001153,txn_001130,cust_0470,1499900,INR,SUCCESS,,upi,1,,pay_SYN00001153,2026-04-14T13:58:16+05:30
pa_001154,txn_001131,cust_0471,249900,INR,SUCCESS,,card,1,,pay_SYN00001154,2026-07-17T07:07:43+05:30
pa_001155,txn_001132,cust_0471,49900,INR,SUCCESS,,netbanking,1,,pay_SYN00001155,2026-03-08T19:05:07+05:30
pa_001156,txn_001133,cust_0473,19900,INR,SUCCESS,,card,1,,pay_SYN00001156,2026-03-11T11:34:09+05:30
pa_001157,txn_001134,cust_0474,249900,INR,SUCCESS,,upi,1,,pay_SYN00001157,2026-04-07T18:42:58+05:30
pa_001158,txn_001135,cust_0474,449900,INR,SUCCESS,,wallet,1,,pay_SYN00001158,2026-09-01T21:20:39+05:30
pa_001159,txn_001136,cust_0474,299900,INR,SUCCESS,,netbanking,1,,pay_SYN00001159,2026-08-07T22:41:32+05:30
pa_001160,txn_001137,cust_0474,899900,INR,SUCCESS,,netbanking,1,,pay_SYN00001160,2026-03-13T08:58:20+05:30
pa_001161,txn_001138,cust_0474,449900,INR,SUCCESS,,wallet,1,,pay_SYN00001161,2026-08-26T08:16:50+05:30
pa_001162,txn_001139,cust_0475,129900,INR,SUCCESS,,card,1,,pay_SYN00001162,2026-04-19T14:46:10+05:30
pa_001163,txn_001140,cust_0475,129900,INR,SUCCESS,,wallet,1,,pay_SYN00001163,2026-07-24T17:26:18+05:30
pa_001164,txn_001141,cust_0477,19900,INR,SUCCESS,,wallet,1,,pay_SYN00001164,2026-06-25T18:41:10+05:30
pa_001165,txn_001142,cust_0478,49900,INR,SUCCESS,,wallet,1,,pay_SYN00001165,2026-05-04T21:43:40+05:30
pa_001166,txn_001143,cust_0478,399900,INR,SUCCESS,,upi,1,,pay_SYN00001166,2026-08-05T05:40:11+05:30
pa_001167,txn_001144,cust_0479,2499900,INR,SUCCESS,,card,1,,pay_SYN00001167,2026-03-07T10:35:56+05:30
pa_001168,txn_001145,cust_0479,299900,INR,SUCCESS,,card,1,,pay_SYN00001168,2026-08-26T09:58:52+05:30
pa_001169,txn_001146,cust_0479,899900,INR,SUCCESS,,netbanking,1,,pay_SYN00001169,2026-04-16T14:13:04+05:30
pa_001170,txn_001147,cust_0479,299900,INR,SUCCESS,,upi,1,,pay_SYN00001170,2026-04-04T20:25:44+05:30
pa_001171,txn_001148,cust_0479,1499900,INR,SUCCESS,,netbanking,1,,pay_SYN00001171,2026-04-13T12:06:08+05:30
pa_001172,txn_001149,cust_0479,449900,INR,SUCCESS,,card,1,,pay_SYN00001172,2026-03-05T19:26:19+05:30
pa_001173,txn_001150,cust_0479,899900,INR,SUCCESS,,upi,1,,pay_SYN00001173,2026-03-23T14:43:01+05:30
pa_001174,txn_001151,cust_0480,79900,INR,SUCCESS,,wallet,1,,pay_SYN00001174,2026-08-07T19:42:51+05:30
pa_001175,txn_001152,cust_0480,799900,INR,SUCCESS,,upi,1,,pay_SYN00001175,2026-05-29T08:43:54+05:30
pa_001176,txn_001153,cust_0480,299900,INR,SUCCESS,,netbanking,1,,pay_SYN00001176,2026-08-10T18:09:50+05:30
pa_001177,txn_001154,cust_0480,129900,INR,SUCCESS,,card,1,,pay_SYN00001177,2026-05-14T10:18:21+05:30
pa_001178,txn_001155,cust_0481,49900,INR,SUCCESS,,card,1,,pay_SYN00001178,2026-03-25T06:11:03+05:30
pa_001179,txn_001156,cust_0481,249900,INR,SUCCESS,,card,1,,pay_SYN00001179,2026-05-21T08:43:16+05:30
pa_001180,txn_001157,cust_0482,399900,INR,SUCCESS,,card,1,,pay_SYN00001180,2026-07-13T12:30:05+05:30
pa_001181,txn_001158,cust_0482,3999900,INR,SUCCESS,,netbanking,1,,pay_SYN00001181,2026-08-07T13:11:26+05:30
pa_001182,txn_001159,cust_0482,3999900,INR,SUCCESS,,upi,1,,pay_SYN00001182,2026-04-01T14:14:28+05:30
pa_001183,txn_001160,cust_0482,249900,INR,SUCCESS,,netbanking,1,,pay_SYN00001183,2026-08-10T10:22:02+05:30
pa_001184,txn_001161,cust_0482,249900,INR,SUCCESS,,wallet,1,,pay_SYN00001184,2026-03-26T17:37:02+05:30
pa_001185,txn_001162,cust_0482,449900,INR,SUCCESS,,netbanking,1,,pay_SYN00001185,2026-03-30T17:02:13+05:30
pa_001186,txn_001163,cust_0482,1199900,INR,SUCCESS,,wallet,1,,pay_SYN00001186,2026-07-28T06:22:56+05:30
pa_001187,txn_001164,cust_0483,149900,INR,SUCCESS,,wallet,1,,pay_SYN00001187,2026-08-24T20:49:12+05:30
pa_001188,txn_001165,cust_0486,399900,INR,SUCCESS,,netbanking,1,,pay_SYN00001188,2026-05-11T17:55:50+05:30
pa_001189,txn_001166,cust_0486,299900,INR,SUCCESS,,card,1,,pay_SYN00001189,2026-03-03T11:14:12+05:30
pa_001190,txn_001167,cust_0488,49900,INR,SUCCESS,,card,1,,pay_SYN00001190,2026-07-12T19:31:00+05:30
pa_001191,txn_001168,cust_0489,129900,INR,SUCCESS,,netbanking,1,,pay_SYN00001191,2026-08-20T18:07:25+05:30
pa_001192,txn_001169,cust_0489,399900,INR,SUCCESS,,card,1,,pay_SYN00001192,2026-06-15T20:45:34+05:30
pa_001193,txn_001170,cust_0490,49900,INR,SUCCESS,,wallet,1,,pay_SYN00001193,2026-09-01T11:57:49+05:30
pa_001194,txn_001171,cust_0491,79900,INR,SUCCESS,,netbanking,1,,pay_SYN00001194,2026-06-01T12:50:18+05:30
pa_001195,txn_001172,cust_0491,149900,INR,SUCCESS,,wallet,1,,pay_SYN00001195,2026-07-10T15:12:49+05:30
pa_001196,txn_001173,cust_0492,399900,INR,SUCCESS,,wallet,1,,pay_SYN00001196,2026-08-30T09:51:05+05:30
pa_001197,txn_001174,cust_0493,129900,INR,SUCCESS,,card,1,,pay_SYN00001197,2026-06-19T12:34:51+05:30
pa_001198,txn_001175,cust_0493,899900,INR,SUCCESS,,card,1,,pay_SYN00001198,2026-08-25T21:28:09+05:30
pa_001199,txn_001176,cust_0493,799900,INR,SUCCESS,,card,1,,pay_SYN00001199,2026-08-07T14:32:26+05:30
pa_001200,txn_001177,cust_0493,399900,INR,SUCCESS,,netbanking,1,,pay_SYN00001200,2026-05-27T22:39:05+05:30
pa_001201,txn_001178,cust_0493,49900,INR,SUCCESS,,wallet,1,,pay_SYN00001201,2026-08-13T22:16:25+05:30
pa_001202,txn_001179,cust_0494,149900,INR,SUCCESS,,card,1,,pay_SYN00001202,2026-08-22T13:48:40+05:30
pa_001203,txn_001180,cust_0494,79900,INR,SUCCESS,,netbanking,1,,pay_SYN00001203,2026-08-17T19:52:49+05:30
pa_001204,txn_001181,cust_0494,49900,INR,SUCCESS,,netbanking,1,,pay_SYN00001204,2026-06-12T14:36:10+05:30
pa_001205,txn_001182,cust_0494,249900,INR,SUCCESS,,upi,1,,pay_SYN00001205,2026-06-09T15:01:27+05:30
pa_001206,txn_001183,cust_0495,389700,INR,SUCCESS,,wallet,1,,pay_SYN00001206,2026-08-05T21:16:53+05:30
pa_001207,txn_001184,cust_0496,1499900,INR,SUCCESS,,card,1,,pay_SYN00001207,2026-04-02T09:17:05+05:30
pa_001208,txn_001185,cust_0496,399900,INR,SUCCESS,,wallet,1,,pay_SYN00001208,2026-07-19T23:34:48+05:30
pa_001209,txn_001186,cust_0496,249900,INR,SUCCESS,,netbanking,1,,pay_SYN00001209,2026-04-26T10:01:45+05:30
pa_001210,txn_001187,cust_0496,79900,INR,SUCCESS,,card,1,,pay_SYN00001210,2026-06-08T13:58:40+05:30
pa_001211,txn_001188,cust_0497,399900,INR,SUCCESS,,upi,1,,pay_SYN00001211,2026-06-01T09:36:55+05:30
pa_001212,txn_001189,cust_0497,299900,INR,SUCCESS,,wallet,1,,pay_SYN00001212,2026-04-06T11:54:03+05:30
pa_001213,txn_001190,cust_0498,59700,INR,SUCCESS,,netbanking,1,,pay_SYN00001213,2026-09-01T13:01:48+05:30
pa_001214,txn_001191,cust_0498,799800,INR,SUCCESS,,card,1,,pay_SYN00001214,2026-07-19T08:29:11+05:30
pa_001215,txn_001192,cust_0499,79900,INR,SUCCESS,,card,1,,pay_SYN00001215,2026-08-01T21:12:32+05:30
pa_001216,txn_001193,cust_0499,79900,INR,SUCCESS,,wallet,1,,pay_SYN00001216,2026-04-21T18:48:50+05:30
pa_001217,txn_001194,cust_0500,249900,INR,SUCCESS,,wallet,1,,pay_SYN00001217,2026-05-30T01:20:46+05:30
pa_001218,txn_001195,cust_0477,399900,INR,FAILED,payment_network_error,netbanking,1,,pay_SYN00001218,2026-05-22T19:33:47+05:30
pa_001219,txn_001196,cust_0426,899900,INR,FAILED,suspected_fraud,upi,1,,pay_SYN00001219,2026-07-16T11:16:47+05:30
pa_001220,txn_001197,cust_0386,129900,INR,FAILED,authentication_failed,wallet,1,,pay_SYN00001220,2026-07-28T14:31:14+05:30
pa_001221,txn_001198,cust_0095,299900,INR,FAILED,suspected_fraud,card,1,,pay_SYN00001221,2026-05-21T19:13:13+05:30
pa_001222,txn_001199,cust_0239,129900,INR,FAILED,suspected_fraud,netbanking,1,,pay_SYN00001222,2026-05-30T21:54:27+05:30
pa_001223,txn_001200,cust_0320,899900,INR,FAILED,suspected_fraud,upi,1,,pay_SYN00001223,2026-06-30T16:46:09+05:30
