transaction_id,customer_id,product_id,quantity,amount_paise,currency,status,method,attempt_count,created_at,updated_at,refunded_at
txn_000001,cust_0290,prod_010,1,799900,INR,FAILED,wallet,1,2026-08-27T18:14:11+05:30,2026-08-27T18:14:11+05:30,
txn_000002,cust_0422,prod_013,1,299900,INR,FAILED,upi,1,2026-08-16T19:51:55+05:30,2026-08-16T19:51:55+05:30,
txn_000003,cust_0482,prod_017,1,449900,INR,FAILED,wallet,1,2026-08-19T11:42:38+05:30,2026-08-19T11:42:38+05:30,
txn_000004,cust_0407,prod_004,1,1499900,INR,FAILED,upi,1,2026-08-11T05:12:59+05:30,2026-08-11T05:12:59+05:30,
txn_000005,cust_0015,prod_010,1,799900,INR,FAILED,upi,1,2026-08-20T13:53:15+05:30,2026-08-20T13:53:15+05:30,
txn_000006,cust_0133,prod_004,1,1499900,INR,FAILED,wallet,1,2026-08-24T20:39:17+05:30,2026-08-24T20:39:17+05:30,
txn_000007,cust_0274,prod_018,1,1199900,INR,FAILED,card,1,2026-08-24T08:23:07+05:30,2026-08-24T08:23:07+05:30,
txn_000008,cust_0331,prod_004,1,1499900,INR,FAILED,card,1,2026-08-27T17:24:22+05:30,2026-08-27T17:24:22+05:30,
txn_000009,cust_0210,prod_003,1,399900,INR,FAILED,upi,1,2026-08-28T13:36:42+05:30,2026-08-28T13:36:42+05:30,
txn_000010,cust_0409,prod_013,1,299900,INR,FAILED,wallet,1,2026-08-27T18:42:17+05:30,2026-08-27T18:42:17+05:30,
txn_000011,cust_0123,prod_003,1,399900,INR,FAILED,netbanking,1,2026-08-12T10:04:24+05:30,2026-08-12T10:04:24+05:30,
txn_000012,cust_0479,prod_017,1,449900,INR,FAILED,wallet,1,2026-08-21T22:53:23+05:30,2026-08-21T22:53:23+05:30,
txn_000013,cust_0351,prod_014,1,899900,INR,FAILED,upi,1,2026-08-29T15:33:50+05:30,2026-08-29T15:33:50+05:30,
txn_000014,cust_0318,prod_005,1,3999900,INR,FAILED,card,1,2026-08-27T08:30:29+05:30,2026-08-27T08:30:29+05:30,
txn_000015,cust_0328,prod_017,1,449900,INR,FAILED,upi,1,2026-08-09T18:41:29+05:30,2026-08-09T18:41:29+05:30,
txn_000016,cust_0134,prod_005,1,3999900,INR,FAILED,card,1,2026-08-30T06:18:23+05:30,2026-08-30T06:18:23+05:30,
txn_000017,cust_0258,prod_011,1,2499900,INR,FAILED,upi,1,2026-08-18T16:26:22+05:30,2026-08-18T16:26:22+05:30,
txn_000018,cust_0311,prod_002,1,149900,INR,FAILED,netbanking,1,2026-08-17T11:10:25+05:30,2026-08-17T11:10:25+05:30,
txn_000019,cust_0461,prod_005,1,3999900,INR,FAILED,upi,1,2026-08-20T20:53:04+05:30,2026-08-20T20:53:04+05:30,
txn_000020,cust_0483,prod_009,1,249900,INR,FAILED,wallet,1,2026-08-16T12:13:15+05:30,2026-08-16T12:13:15+05:30,
txn_000021,cust_0119,prod_004,1,1499900,INR,FAILED,netbanking,1,2026-08-11T17:37:55+05:30,2026-08-11T17:37:55+05:30,
txn_000022,cust_0435,prod_010,1,799900,INR,FAILED,card,1,2026-08-21T18:04:22+05:30,2026-08-21T18:04:22+05:30,
txn_000023,cust_0287,prod_009,1,249900,INR,FAILED,wallet,1,2026-08-08T19:43:08+05:30,2026-08-08T19:43:08+05:30,
txn_000024,cust_0181,prod_010,1,799900,INR,FAILED,netbanking,1,2026-08-16T10:08:12+05:30,2026-08-16T10:08:12+05:30,
txn_000025,cust_0146,prod_002,1,149900,INR,FAILED,wallet,1,2026-08-15T16:19:21+05:30,2026-08-15T16:19:21+05:30,
txn_000026,cust_0362,prod_013,1,299900,INR,FAILED,wallet,1,2026-08-16T18:29:41+05:30,2026-08-16T18:29:41+05:30,
txn_000027,cust_0474,prod_003,1,399900,INR,CAPTURED,card,2,2026-08-24T15:43:23+05:30,2026-08-28T15:43:23+05:30,
txn_000028,cust_0388,prod_008,1,129900,INR,CAPTURED,card,2,2026-08-29T19:24:53+05:30,2026-08-29T19:49:53+05:30,
txn_000029,cust_0141,prod_013,1,299900,INR,CAPTURED,netbanking,2,2026-08-25T17:46:42+05:30,2026-08-26T17:46:42+05:30,
txn_000030,cust_0450,prod_010,1,799900,INR,CAPTURED,card,2,2026-08-16T20:26:50+05:30,2026-08-18T20:26:50+05:30,
txn_000031,cust_0273,prod_011,1,2499900,INR,CAPTURED,upi,2,2026-08-16T19:48:41+05:30,2026-08-17T01:48:41+05:30,
txn_000032,cust_0475,prod_010,1,799900,INR,CAPTURED,upi,2,2026-08-17T12:22:42+05:30,2026-08-21T12:22:42+05:30,
txn_000033,cust_0337,prod_018,1,1199900,INR,CAPTURED,wallet,2,2026-08-21T13:20:24+05:30,2026-08-21T13:45:24+05:30,
txn_000034,cust_0115,prod_010,1,799900,INR,CAPTURED,card,2,2026-08-29T16:22:22+05:30,2026-08-29T16:47:22+05:30,
txn_000035,cust_0471,prod_018,1,1199900,INR,CAPTURED,netbanking,2,2026-08-10T13:05:17+05:30,2026-08-10T13:30:17+05:30,
txn_000036,cust_0005,prod_003,1,399900,INR,CAPTURED,wallet,2,2026-08-19T13:59:08+05:30,2026-08-19T15:29:08+05:30,
txn_000037,cust_0163,prod_002,1,149900,INR,FAILED,wallet,2,2026-08-23T10:57:02+05:30,2026-08-23T11:08:02+05:30,
txn_000038,cust_0253,prod_014,1,899900,INR,FAILED,card,3,2026-08-28T21:10:57+05:30,2026-08-30T21:13:57+05:30,
txn_000039,cust_0395,prod_010,1,799900,INR,FAILED,upi,2,2026-08-15T13:16:10+05:30,2026-08-15T13:27:10+05:30,
txn_000040,cust_0363,prod_009,1,249900,INR,FAILED,netbanking,2,2026-08-09T20:57:29+05:30,2026-08-09T21:00:29+05:30,
txn_000041,cust_0121,prod_014,1,899900,INR,FAILED,upi,3,2026-08-25T07:30:47+05:30,2026-08-26T08:17:47+05:30,
txn_000042,cust_0374,prod_003,1,399900,INR,FAILED,wallet,3,2026-08-23T11:33:40+05:30,2026-08-24T11:36:40+05:30,
txn_000043,cust_0046,prod_008,1,129900,INR,FAILED,netbanking,2,2026-08-10T11:04:40+05:30,2026-08-10T23:04:40+05:30,
txn_000044,cust_0073,prod_010,1,799900,INR,FAILED,wallet,4,2026-08-12T12:43:20+05:30,2026-08-15T15:43:20+05:30,
txn_000045,cust_0144,prod_016,1,14900,INR,FAILED,upi,1,2026-08-26T17:57:58+05:30,2026-08-26T17:57:58+05:30,
txn_000046,cust_0178,prod_013,1,299900,INR,FAILED,netbanking,1,2026-08-08T16:39:15+05:30,2026-08-08T16:39:15+05:30,
txn_000047,cust_0410,prod_016,1,14900,INR,FAILED,wallet,1,2026-08-20T22:50:23+05:30,2026-08-20T22:50:23+05:30,
txn_000048,cust_0009,prod_002,1,149900,INR,FAILED,wallet,1,2026-08-13T12:45:59+05:30,2026-08-13T12:45:59+05:30,
txn_000049,cust_0276,prod_016,1,14900,INR,FAILED,netbanking,1,2026-08-10T19:53:17+05:30,2026-08-10T19:53:17+05:30,
txn_000050,cust_0223,prod_002,1,149900,INR,FAILED,card,1,2026-08-08T19:36:14+05:30,2026-08-08T19:36:14+05:30,
txn_000051,cust_0272,prod_015,1,19900,INR,FAILED,card,1,2026-08-15T10:56:51+05:30,2026-08-15T10:56:51+05:30,
txn_000052,cust_0186,prod_009,1,249900,INR,FAILED,wallet,1,2026-08-15T17:39:27+05:30,2026-08-15T17:39:27+05:30,
txn_000053,cust_0399,prod_016,1,14900,INR,FAILED,wallet,1,2026-08-18T21:58:01+05:30,2026-08-18T21:58:01+05:30,
txn_000054,cust_0484,prod_003,1,399900,INR,FAILED,card,1,2026-08-11T19:03:44+05:30,2026-08-11T19:03:44+05:30,
txn_000055,cust_0322,prod_015,1,19900,INR,FAILED,wallet,1,2026-08-30T20:01:39+05:30,2026-08-30T20:01:39+05:30,
txn_000056,cust_0246,prod_009,1,249900,INR,FAILED,netbanking,1,2026-08-10T14:02:33+05:30,2026-08-10T14:02:33+05:30,
txn_000057,cust_0204,prod_006,1,8999900,INR,FAILED,upi,1,2026-08-28T11:33:17+05:30,2026-08-28T11:33:17+05:30,
txn_000058,cust_0169,prod_006,1,8999900,INR,FAILED,wallet,1,2026-08-19T18:24:09+05:30,2026-08-19T18:24:09+05:30,
txn_000059,cust_0285,prod_011,1,2499900,INR,FAILED,upi,1,2026-08-19T14:29:57+05:30,2026-08-19T14:29:57+05:30,
txn_000060,cust_0231,prod_006,1,8999900,INR,FAILED,upi,1,2026-08-27T18:22:47+05:30,2026-08-27T18:22:47+05:30,
txn_000061,cust_0103,prod_005,1,3999900,INR,FAILED,upi,1,2026-08-15T13:04:06+05:30,2026-08-15T13:04:06+05:30,
txn_000062,cust_0021,prod_005,1,3999900,INR,FAILED,netbanking,1,2026-08-29T13:07:57+05:30,2026-08-29T13:07:57+05:30,
txn_000063,cust_0462,prod_018,1,1199900,INR,FAILED,wallet,1,2026-05-04T08:24:20+05:30,2026-05-04T08:24:20+05:30,
txn_000064,cust_0305,prod_004,1,1499900,INR,FAILED,netbanking,1,2026-04-29T20:52:42+05:30,2026-04-29T20:52:42+05:30,
txn_000065,cust_0330,prod_005,1,3999900,INR,FAILED,wallet,1,2026-04-27T12:32:32+05:30,2026-04-27T12:32:32+05:30,
txn_000066,cust_0268,prod_014,1,899900,INR,FAILED,netbanking,1,2026-03-30T16:44:24+05:30,2026-03-30T16:44:24+05:30,
txn_000067,cust_0421,prod_011,1,2499900,INR,FAILED,card,1,2026-04-16T16:47:43+05:30,2026-04-16T16:47:43+05:30,
txn_000068,cust_0248,prod_014,1,899900,INR,FAILED,wallet,1,2026-05-20T15:56:54+05:30,2026-05-20T15:56:54+05:30,
txn_000069,cust_0391,prod_013,1,299900,INR,FAILED,card,1,2026-06-28T07:56:36+05:30,2026-06-28T07:56:36+05:30,
txn_000070,cust_0323,prod_009,1,249900,INR,FAILED,upi,1,2026-06-20T12:55:12+05:30,2026-06-20T12:55:12+05:30,
txn_000071,cust_0001,prod_003,1,399900,INR,CAPTURED,netbanking,1,2026-08-21T18:48:33+05:30,2026-08-21T18:48:33+05:30,
txn_000072,cust_0001,prod_009,1,249900,INR,CAPTURED,upi,1,2026-04-01T20:21:48+05:30,2026-04-01T20:21:48+05:30,
txn_000073,cust_0002,prod_012,1,6499900,INR,CAPTURED,netbanking,1,2026-07-15T09:32:47+05:30,2026-07-15T09:32:47+05:30,
txn_000074,cust_0002,prod_013,3,899700,INR,CAPTURED,netbanking,1,2026-06-22T14:21:43+05:30,2026-06-22T14:21:43+05:30,
txn_000075,cust_0002,prod_003,1,399900,INR,CAPTURED,wallet,1,2026-03-16T11:45:41+05:30,2026-03-16T11:45:41+05:30,
txn_000076,cust_0002,prod_004,1,1499900,INR,CAPTURED,card,1,2026-09-01T21:04:25+05:30,2026-09-01T21:04:25+05:30,
txn_000077,cust_0002,prod_011,1,2499900,INR,CAPTURED,upi,1,2026-05-22T19:10:56+05:30,2026-05-22T19:10:56+05:30,
txn_000078,cust_0002,prod_002,1,149900,INR,CAPTURED,netbanking,1,2026-04-15T16:30:05+05:30,2026-04-15T16:30:05+05:30,
txn_000079,cust_0002,prod_005,1,3999900,INR,CAPTURED,card,1,2026-04-10T19:32:22+05:30,2026-04-10T19:32:22+05:30,
txn_000080,cust_0002,prod_004,1,1499900,INR,CAPTURED,upi,1,2026-03-09T20:14:44+05:30,2026-03-09T20:14:44+05:30,
txn_000081,cust_0003,prod_007,1,79900,INR,CAPTURED,card,1,2026-05-12T16:12:23+05:30,2026-05-12T16:12:23+05:30,
txn_000082,cust_0003,prod_014,1,899900,INR,CAPTURED,netbanking,1,2026-03-06T16:22:34+05:30,2026-03-06T16:22:34+05:30,
txn_000083,cust_0004,prod_002,1,149900,INR,CAPTURED,wallet,1,2026-04-13T06:10:47+05:30,2026-04-13T06:10:47+05:30,
txn_000084,cust_0004,prod_007,1,79900,INR,CAPTURED,upi,1,2026-04-03T11:49:51+05:30,2026-04-03T11:49:51+05:30,
txn_000085,cust_0004,prod_003,1,399900,INR,CAPTURED,netbanking,1,2026-07-28T13:00:49+05:30,2026-07-28T13:00:49+05:30,
txn_000086,cust_0005,prod_010,1,799900,INR,CAPTURED,wallet,1,2026-06-27T21:00:03+05:30,2026-06-27T21:00:03+05:30,
txn_000087,cust_0005,prod_017,1,449900,INR,CAPTURED,netbanking,1,2026-07-06T18:18:01+05:30,2026-07-06T18:18:01+05:30,
txn_000088,cust_0005,prod_018,1,1199900,INR,CAPTURED,upi,1,2026-03-05T16:50:35+05:30,2026-03-05T16:50:35+05:30,
txn_000089,cust_0005,prod_014,1,899900,INR,CAPTURED,card,1,2026-04-27T10:15:53+05:30,2026-04-27T10:15:53+05:30,
txn_000090,cust_0005,prod_010,1,799900,INR,CAPTURED,upi,1,2026-06-04T16:28:16+05:30,2026-06-04T16:28:16+05:30,
txn_000091,cust_0007,prod_008,1,129900,INR,CAPTURED,wallet,1,2026-05-22T18:22:48+05:30,2026-05-22T18:22:48+05:30,
txn_000092,cust_0007,prod_003,1,399900,INR,CAPTURED,netbanking,1,2026-03-31T13:31:44+05:30,2026-03-31T13:31:44+05:30,
txn_000093,cust_0008,prod_016,1,14900,INR,CAPTURED,upi,1,2026-03-04T14:35:28+05:30,2026-03-04T14:35:28+05:30,
txn_000094,cust_0010,prod_002,1,149900,INR,CAPTURED,upi,1,2026-09-01T11:32:38+05:30,2026-09-01T11:32:38+05:30,
txn_000095,cust_0010,prod_008,1,129900,INR,CAPTURED,wallet,1,2026-03-12T08:45:34+05:30,2026-03-12T08:45:34+05:30,
txn_000096,cust_0011,prod_007,1,79900,INR,CAPTURED,card,1,2026-07-10T13:56:37+05:30,2026-07-10T13:56:37+05:30,
txn_000097,cust_0013,prod_003,1,399900,INR,CAPTURED,netbanking,1,2026-03-30T12:10:15+05:30,2026-03-30T12:10:15+05:30,
txn_000098,cust_0013,prod_002,1,149900,INR,CAPTURED,netbanking,1,2026-03-12T18:54:11+05:30,2026-03-12T18:54:11+05:30,
txn_000099,cust_0014,prod_002,1,149900,INR,CAPTURED,card,1,2026-06-05T09:39:46+05:30,2026-06-05T09:39:46+05:30,
txn_000100,cust_0015,prod_014,1,899900,INR,CAPTURED,netbanking,1,2026-05-12T15:23:23+05:30,2026-05-12T15:23:23+05:30,
txn_000101,cust_0015,prod_014,1,899900,INR,CAPTURED,wallet,1,2026-08-26T06:31:05+05:30,2026-08-26T06:31:05+05:30,
txn_000102,cust_0015,prod_005,1,3999900,INR,CAPTURED,card,1,2026-07-06T20:45:14+05:30,2026-07-06T20:45:14+05:30,
txn_000103,cust_0015,prod_002,1,149900,INR,CAPTURED,wallet,1,2026-04-21T21:24:32+05:30,2026-04-21T21:24:32+05:30,
txn_000104,cust_0015,prod_014,1,899900,INR,CAPTURED,upi,1,2026-04-29T10:00:39+05:30,2026-04-29T10:00:39+05:30,
txn_000105,cust_0016,prod_013,3,899700,INR,CAPTURED,netbanking,1,2026-03-03T19:40:46+05:30,2026-03-03T19:40:46+05:30,
txn_000106,cust_0016,prod_009,1,249900,INR,CAPTURED,wallet,1,2026-08-29T10:13:47+05:30,2026-08-29T10:13:47+05:30,
txn_000107,cust_0016,prod_010,1,799900,INR,CAPTURED,netbanking,1,2026-05-04T05:29:34+05:30,2026-05-04T05:29:34+05:30,
txn_000108,cust_0016,prod_003,1,399900,INR,CAPTURED,netbanking,1,2026-03-25T19:21:57+05:30,2026-03-25T19:21:57+05:30,
txn_000109,cust_0020,prod_013,1,299900,INR,CAPTURED,wallet,1,2026-04-12T16:16:52+05:30,2026-04-12T16:16:52+05:30,
txn_000110,cust_0020,prod_008,1,129900,INR,CAPTURED,wallet,1,2026-03-11T20:46:36+05:30,2026-03-11T20:46:36+05:30,
txn_000111,cust_0020,prod_003,1,399900,INR,CAPTURED,netbanking,1,2026-05-07T05:38:50+05:30,2026-05-07T05:38:50+05:30,
txn_000112,cust_0021,prod_003,1,399900,INR,CAPTURED,card,1,2026-04-09T16:17:06+05:30,2026-04-09T16:17:06+05:30,
txn_000113,cust_0021,prod_012,1,6499900,INR,CAPTURED,card,1,2026-06-21T19:24:11+05:30,2026-06-21T19:24:11+05:30,
txn_000114,cust_0021,prod_013,1,299900,INR,CAPTURED,netbanking,1,2026-04-24T16:02:49+05:30,2026-04-24T16:02:49+05:30,
txn_000115,cust_0021,prod_014,1,899900,INR,CAPTURED,netbanking,1,2026-05-26T06:53:57+05:30,2026-05-26T06:53:57+05:30,
txn_000116,cust_0021,prod_004,1,1499900,INR,CAPTURED,card,1,2026-05-22T17:58:23+05:30,2026-05-22T17:58:23+05:30,
txn_000117,cust_0021,prod_006,1,8999900,INR,CAPTURED,upi,1,2026-05-08T20:26:44+05:30,2026-05-08T20:26:44+05:30,
txn_000118,cust_0023,prod_018,1,1199900,INR,CAPTURED,card,1,2026-08-04T21:10:11+05:30,2026-08-04T21:10:11+05:30,
txn_000119,cust_0023,prod_017,1,449900,INR,CAPTURED,card,1,2026-03-17T14:38:09+05:30,2026-03-17T14:38:09+05:30,
txn_000120,cust_0023,prod_001,1,49900,INR,CAPTURED,card,1,2026-06-16T20:04:36+05:30,2026-06-16T20:04:36+05:30,
txn_000121,cust_0024,prod_003,2,799800,INR,CAPTURED,card,1,2026-08-03T08:46:50+05:30,2026-08-03T08:46:50+05:30,
txn_000122,cust_0024,prod_003,1,399900,INR,CAPTURED,card,1,2026-07-01T12:35:42+05:30,2026-07-01T12:35:42+05:30,
txn_000123,cust_0024,prod_002,1,149900,INR,CAPTURED,wallet,1,2026-04-24T17:43:07+05:30,2026-04-24T17:43:07+05:30,
txn_000124,cust_0025,prod_012,1,6499900,INR,CAPTURED,card,1,2026-05-25T21:21:44+05:30,2026-05-25T21:21:44+05:30,
txn_000125,cust_0025,prod_010,1,799900,INR,CAPTURED,netbanking,1,2026-04-01T09:07:37+05:30,2026-04-01T09:07:37+05:30,
txn_000126,cust_0025,prod_010,1,799900,INR,CAPTURED,upi,1,2026-03-18T22:13:04+05:30,2026-03-18T22:13:04+05:30,
txn_000127,cust_0025,prod_002,1,149900,INR,CAPTURED,wallet,1,2026-07-21T20:47:57+05:30,2026-07-21T20:47:57+05:30,
txn_000128,cust_0025,prod_013,1,299900,INR,CAPTURED,wallet,1,2026-04-12T16:33:28+05:30,2026-04-12T16:33:28+05:30,
txn_000129,cust_0025,prod_009,1,249900,INR,CAPTURED,wallet,1,2026-07-20T05:34:27+05:30,2026-07-20T05:34:27+05:30,
txn_000130,cust_0026,prod_014,3,2699700,INR,CAPTURED,netbanking,1,2026-03-13T18:11:56+05:30,2026-03-13T18:11:56+05:30,
txn_000131,cust_0026,prod_013,1,299900,INR,CAPTURED,upi,1,2026-03-21T18:51:50+05:30,2026-03-21T18:51:50+05:30,
txn_000132,cust_0027,prod_016,1,14900,INR,CAPTURED,netbanking,1,2026-08-22T15:30:06+05:30,2026-08-22T15:30:06+05:30,
txn_000133,cust_0030,prod_001,1,49900,INR,CAPTURED,upi,1,2026-03-21T17:24:28+05:30,2026-03-21T17:24:28+05:30,
txn_000134,cust_0030,prod_007,1,79900,INR,CAPTURED,wallet,1,2026-08-17T19:19:27+05:30,2026-08-17T19:19:27+05:30,
txn_000135,cust_0031,prod_001,3,149700,INR,CAPTURED,upi,1,2026-07-10T15:10:27+05:30,2026-07-10T15:10:27+05:30,
txn_000136,cust_0032,prod_013,1,299900,INR,CAPTURED,wallet,1,2026-03-26T16:04:25+05:30,2026-03-26T16:04:25+05:30,
txn_000137,cust_0033,prod_016,1,14900,INR,CAPTURED,upi,1,2026-03-26T09:57:36+05:30,2026-03-26T09:57:36+05:30,
txn_000138,cust_0035,prod_001,1,49900,INR,CAPTURED,card,1,2026-07-28T02:30:57+05:30,2026-07-28T02:30:57+05:30,
txn_000139,cust_0035,prod_007,1,79900,INR,CAPTURED,wallet,1,2026-06-19T12:13:57+05:30,2026-06-19T12:13:57+05:30,
txn_000140,cust_0036,prod_003,1,399900,INR,CAPTURED,upi,1,2026-03-26T21:55:25+05:30,2026-03-26T21:55:25+05:30,
txn_000141,cust_0037,prod_017,3,1349700,INR,CAPTURED,netbanking,1,2026-04-14T16:06:02+05:30,2026-04-14T16:06:02+05:30,
txn_000142,cust_0037,prod_010,1,799900,INR,CAPTURED,card,1,2026-05-27T04:26:13+05:30,2026-05-27T04:26:13+05:30,
txn_000143,cust_0038,prod_002,1,149900,INR,CAPTURED,wallet,1,2026-08-21T13:34:43+05:30,2026-08-21T13:34:43+05:30,
txn_000144,cust_0038,prod_003,1,399900,INR,CAPTURED,card,1,2026-03-27T14:09:11+05:30,2026-03-27T14:09:11+05:30,
txn_000145,cust_0038,prod_002,1,149900,INR,CAPTURED,netbanking,1,2026-03-13T08:22:34+05:30,2026-03-13T08:22:34+05:30,
txn_000146,cust_0038,prod_005,1,3999900,INR,CAPTURED,card,1,2026-05-25T11:01:47+05:30,2026-05-25T11:01:47+05:30,
txn_000147,cust_0039,prod_008,1,129900,INR,CAPTURED,wallet,1,2026-08-20T12:44:16+05:30,2026-08-20T12:44:16+05:30,
txn_000148,cust_0039,prod_008,1,129900,INR,CAPTURED,card,1,2026-08-15T16:35:56+05:30,2026-08-15T16:35:56+05:30,
txn_000149,cust_0040,prod_018,3,3599700,INR,CAPTURED,netbanking,1,2026-05-04T15:09:59+05:30,2026-05-04T15:09:59+05:30,
txn_000150,cust_0040,prod_014,1,899900,INR,CAPTURED,netbanking,1,2026-08-24T18:42:24+05:30,2026-08-24T18:42:24+05:30,
txn_000151,cust_0040,prod_008,1,129900,INR,CAPTURED,netbanking,1,2026-06-18T17:49:09+05:30,2026-06-18T17:49:09+05:30,
txn_000152,cust_0040,prod_017,1,449900,INR,CAPTURED,netbanking,1,2026-04-30T18:34:04+05:30,2026-04-30T18:34:04+05:30,
txn_000153,cust_0040,prod_001,1,49900,INR,CAPTURED,wallet,1,2026-03-23T21:08:25+05:30,2026-03-23T21:08:25+05:30,
txn_000154,cust_0042,prod_001,1,49900,INR,CAPTURED,upi,1,2026-08-14T16:17:20+05:30,2026-08-14T16:17:20+05:30,
txn_000155,cust_0043,prod_003,1,399900,INR,CAPTURED,wallet,1,2026-08-23T14:56:33+05:30,2026-08-23T14:56:33+05:30,
txn_000156,cust_0045,prod_014,1,899900,INR,CAPTURED,card,1,2026-05-19T17:09:32+05:30,2026-05-19T17:09:32+05:30,
txn_000157,cust_0045,prod_014,1,899900,INR,CAPTURED,upi,1,2026-08-19T19:43:23+05:30,2026-08-19T19:43:23+05:30,
txn_000158,cust_0045,prod_007,1,79900,INR,CAPTURED,upi,1,2026-07-29T18:27:38+05:30,2026-07-29T18:27:38+05:30,
txn_000159,cust_0045,prod_009,1,249900,INR,CAPTURED,netbanking,1,2026-05-21T09:28:36+05:30,2026-05-21T09:28:36+05:30,
txn_000160,cust_0045,prod_007,1,79900,INR,CAPTURED,wallet,1,2026-06-05T01:26:22+05:30,2026-06-05T01:26:22+05:30,
txn_000161,cust_0046,prod_004,1,1499900,INR,CAPTURED,card,1,2026-05-31T19:50:21+05:30,2026-05-31T19:50:21+05:30,
txn_000162,cust_0046,prod_013,1,299900,INR,CAPTURED,wallet,1,2026-06-29T06:26:14+05:30,2026-06-29T06:26:14+05:30,
txn_000163,cust_0046,prod_013,1,299900,INR,CAPTURED,netbanking,1,2026-07-15T20:57:58+05:30,2026-07-15T20:57:58+05:30,
txn_000164,cust_0046,prod_001,1,49900,INR,CAPTURED,upi,1,2026-05-01T14:16:11+05:30,2026-05-01T14:16:11+05:30,
txn_000165,cust_0046,prod_008,1,129900,INR,CAPTURED,card,1,2026-03-10T11:51:14+05:30,2026-03-10T11:51:14+05:30,
txn_000166,cust_0048,prod_016,1,14900,INR,CAPTURED,card,1,2026-03-30T18:00:49+05:30,2026-03-30T18:00:49+05:30,
txn_000167,cust_0049,prod_003,1,399900,INR,CAPTURED,netbanking,1,2026-03-11T12:16:50+05:30,2026-03-11T12:16:50+05:30,
txn_000168,cust_0050,prod_009,1,249900,INR,CAPTURED,card,1,2026-06-24T12:44:19+05:30,2026-06-24T12:44:19+05:30,
txn_000169,cust_0051,prod_007,1,79900,INR,CAPTURED,card,1,2026-05-15T17:40:45+05:30,2026-05-15T17:40:45+05:30,
txn_000170,cust_0052,prod_002,1,149900,INR,CAPTURED,upi,1,2026-06-12T15:32:57+05:30,2026-06-12T15:32:57+05:30,
txn_000171,cust_0053,prod_002,1,149900,INR,CAPTURED,netbanking,1,2026-03-13T13:51:00+05:30,2026-03-13T13:51:00+05:30,
txn_000172,cust_0053,prod_009,1,249900,INR,CAPTURED,upi,1,2026-06-30T11:28:35+05:30,2026-06-30T11:28:35+05:30,
txn_000173,cust_0053,prod_014,1,899900,INR,CAPTURED,netbanking,1,2026-05-14T07:12:14+05:30,2026-05-14T07:12:14+05:30,
txn_000174,cust_0054,prod_007,1,79900,INR,CAPTURED,card,1,2026-05-12T07:17:23+05:30,2026-05-12T07:17:23+05:30,
txn_000175,cust_0054,prod_008,1,129900,INR,CAPTURED,wallet,1,2026-06-16T11:28:12+05:30,2026-06-16T11:28:12+05:30,
txn_000176,cust_0055,prod_001,1,49900,INR,CAPTURED,wallet,1,2026-05-30T18:46:44+05:30,2026-05-30T18:46:44+05:30,
txn_000177,cust_0055,prod_008,1,129900,INR,CAPTURED,card,1,2026-06-03T12:53:27+05:30,2026-06-03T12:53:27+05:30,
txn_000178,cust_0055,prod_010,1,799900,INR,CAPTURED,card,1,2026-06-16T20:21:39+05:30,2026-06-16T20:21:39+05:30,
txn_000179,cust_0055,prod_017,1,449900,INR,CAPTURED,wallet,1,2026-04-03T13:12:22+05:30,2026-04-03T13:12:22+05:30,
txn_000180,cust_0055,prod_001,1,49900,INR,CAPTURED,upi,1,2026-04-23T20:43:24+05:30,2026-04-23T20:43:24+05:30,
txn_000181,cust_0058,prod_017,1,449900,INR,CAPTURED,wallet,1,2026-03-07T12:44:07+05:30,2026-03-07T12:44:07+05:30,
txn_000182,cust_0058,prod_018,1,1199900,INR,CAPTURED,netbanking,1,2026-08-28T12:06:01+05:30,2026-08-28T12:06:01+05:30,
txn_000183,cust_0058,prod_007,1,79900,INR,CAPTURED,upi,1,2026-03-15T18:19:58+05:30,2026-03-15T18:19:58+05:30,
txn_000184,cust_0058,prod_013,1,299900,INR,CAPTURED,netbanking,1,2026-05-11T18:32:24+05:30,2026-05-11T18:32:24+05:30,
txn_000185,cust_0059,prod_018,1,1199900,INR,CAPTURED,wallet,1,2026-04-05T14:17:24+05:30,2026-04-05T14:17:24+05:30,
txn_000186,cust_0059,prod_013,1,299900,INR,CAPTURED,card,1,2026-06-12T08:27:07+05:30,2026-06-12T08:27:07+05:30,
txn_000187,cust_0059,prod_004,3,4499700,INR,CAPTURED,wallet,1,2026-07-30T09:03:11+05:30,2026-07-30T09:03:11+05:30,
txn_000188,cust_0065,prod_002,1,149900,INR,CAPTURED,netbanking,1,2026-07-03T13:55:18+05:30,2026-07-03T13:55:18+05:30,
txn_000189,cust_0069,prod_009,2,499800,INR,CAPTURED,wallet,1,2026-03-19T11:31:17+05:30,2026-03-19T11:31:17+05:30,
txn_000190,cust_0073,prod_004,1,1499900,INR,CAPTURED,wallet,1,2026-07-31T12:37:19+05:30,2026-07-31T12:37:19+05:30,
txn_000191,cust_0073,prod_007,1,79900,INR,CAPTURED,netbanking,1,2026-05-14T16:10:54+05:30,2026-05-14T16:10:54+05:30,
txn_000192,cust_0074,prod_009,1,249900,INR,CAPTURED,wallet,1,2026-05-13T12:30:51+05:30,2026-05-13T12:30:51+05:30,
txn_000193,cust_0075,prod_007,3,239700,INR,CAPTURED,card,1,2026-06-17T08:23:21+05:30,2026-06-17T08:23:21+05:30,
txn_000194,cust_0076,prod_001,1,49900,INR,CAPTURED,wallet,1,2026-03-17T15:43:03+05:30,2026-03-17T15:43:03+05:30,
txn_000195,cust_0076,prod_018,1,1199900,INR,CAPTURED,upi,1,2026-07-22T13:54:53+05:30,2026-07-22T13:54:53+05:30,
txn_000196,cust_0076,prod_001,1,49900,INR,CAPTURED,wallet,1,2026-03-10T13:26:55+05:30,2026-03-10T13:26:55+05:30,
txn_000197,cust_0076,prod_010,1,799900,INR,CAPTURED,wallet,1,2026-07-24T22:41:42+05:30,2026-07-24T22:41:42+05:30,
txn_000198,cust_0076,prod_018,1,1199900,INR,CAPTURED,netbanking,1,2026-08-27T19:04:04+05:30,2026-08-27T19:04:04+05:30,
txn_000199,cust_0078,prod_016,1,14900,INR,CAPTURED,card,1,2026-03-16T15:46:22+05:30,2026-03-16T15:46:22+05:30,
txn_000200,cust_0079,prod_003,1,399900,INR,CAPTURED,netbanking,1,2026-04-29T13:28:07+05:30,2026-04-29T13:28:07+05:30,
txn_000201,cust_0079,prod_013,3,899700,INR,CAPTURED,wallet,1,2026-04-08T20:45:06+05:30,2026-04-08T20:45:06+05:30,
txn_000202,cust_0079,prod_005,1,3999900,INR,CAPTURED,wallet,1,2026-07-22T12:35:02+05:30,2026-07-22T12:35:02+05:30,
txn_000203,cust_0079,prod_017,1,449900,INR,CAPTURED,netbanking,1,2026-07-18T16:18:30+05:30,2026-07-18T16:18:30+05:30,
txn_000204,cust_0080,prod_018,1,1199900,INR,CAPTURED,card,1,2026-08-09T09:03:50+05:30,2026-08-09T09:03:50+05:30,
txn_000205,cust_0080,prod_014,1,899900,INR,CAPTURED,upi,1,2026-03-11T22:46:23+05:30,2026-03-11T22:46:23+05:30,
txn_000206,cust_0080,prod_004,1,1499900,INR,CAPTURED,card,1,2026-07-16T15:47:08+05:30,2026-07-16T15:47:08+05:30,
txn_000207,cust_0080,prod_005,1,3999900,INR,CAPTURED,card,1,2026-05-07T10:17:44+05:30,2026-05-07T10:17:44+05:30,
txn_000208,cust_0081,prod_017,1,449900,INR,CAPTURED,netbanking,1,2026-07-29T13:34:12+05:30,2026-07-29T13:34:12+05:30,
txn_000209,cust_0081,prod_017,1,449900,INR,CAPTURED,netbanking,1,2026-07-05T14:29:26+05:30,2026-07-05T14:29:26+05:30,
txn_000210,cust_0081,prod_003,1,399900,INR,CAPTURED,wallet,1,2026-07-11T19:22:50+05:30,2026-07-11T19:22:50+05:30,
txn_000211,cust_0081,prod_003,1,399900,INR,CAPTURED,upi,1,2026-06-09T18:36:18+05:30,2026-06-09T18:36:18+05:30,
txn_000212,cust_0081,prod_010,1,799900,INR,CAPTURED,card,1,2026-05-11T18:30:08+05:30,2026-05-11T18:30:08+05:30,
txn_000213,cust_0082,prod_015,1,19900,INR,CAPTURED,wallet,1,2026-07-15T16:14:34+05:30,2026-07-15T16:14:34+05:30,
txn_000214,cust_0082,prod_002,1,149900,INR,CAPTURED,wallet,1,2026-03-05T13:02:40+05:30,2026-03-05T13:02:40+05:30,
txn_000215,cust_0083,prod_013,1,299900,INR,CAPTURED,card,1,2026-06-12T20:48:42+05:30,2026-06-12T20:48:42+05:30,
txn_000216,cust_0083,prod_008,2,259800,INR,CAPTURED,card,1,2026-07-01T03:56:21+05:30,2026-07-01T03:56:21+05:30,
txn_000217,cust_0084,prod_009,1,249900,INR,CAPTURED,wallet,1,2026-07-06T15:11:02+05:30,2026-07-06T15:11:02+05:30,
txn_000218,cust_0084,prod_017,1,449900,INR,CAPTURED,card,1,2026-07-10T17:25:40+05:30,2026-07-10T17:25:40+05:30,
txn_000219,cust_0084,prod_007,1,79900,INR,CAPTURED,wallet,1,2026-06-26T08:40:45+05:30,2026-06-26T08:40:45+05:30,
txn_000220,cust_0084,prod_007,2,159800,INR,CAPTURED,wallet,1,2026-03-07T19:35:40+05:30,2026-03-07T19:35:40+05:30,
txn_000221,cust_0084,prod_018,1,1199900,INR,CAPTURED,wallet,1,2026-04-09T11:59:51+05:30,2026-04-09T11:59:51+05:30,
txn_000222,cust_0085,prod_009,1,249900,INR,CAPTURED,netbanking,1,2026-03-18T14:25:11+05:30,2026-03-18T14:25:11+05:30,
txn_000223,cust_0085,prod_001,1,49900,INR,CAPTURED,wallet,1,2026-06-08T18:03:55+05:30,2026-06-08T18:03:55+05:30,
txn_000224,cust_0085,prod_014,2,1799800,INR,CAPTURED,upi,1,2026-07-24T10:35:11+05:30,2026-07-24T10:35:11+05:30,
txn_000225,cust_0085,prod_004,2,2999800,INR,CAPTURED,netbanking,1,2026-05-19T09:17:49+05:30,2026-05-19T09:17:49+05:30,
txn_000226,cust_0086,prod_010,1,799900,INR,CAPTURED,netbanking,1,2026-06-15T17:17:41+05:30,2026-06-15T17:17:41+05:30,
txn_000227,cust_0086,prod_017,1,449900,INR,CAPTURED,upi,1,2026-03-16T14:25:25+05:30,2026-03-16T14:25:25+05:30,
txn_000228,cust_0087,prod_009,1,249900,INR,CAPTURED,upi,1,2026-05-27T21:22:18+05:30,2026-05-27T21:22:18+05:30,
txn_000229,cust_0089,prod_009,3,749700,INR,CAPTURED,upi,1,2026-03-30T14:46:30+05:30,2026-03-30T14:46:30+05:30,
txn_000230,cust_0089,prod_009,1,249900,INR,CAPTURED,upi,1,2026-04-08T19:10:46+05:30,2026-04-08T19:10:46+05:30,
txn_000231,cust_0090,prod_016,1,14900,INR,CAPTURED,wallet,1,2026-07-21T16:50:57+05:30,2026-07-21T16:50:57+05:30,
txn_000232,cust_0091,prod_017,1,449900,INR,CAPTURED,netbanking,1,2026-03-18T19:23:53+05:30,2026-03-18T19:23:53+05:30,
txn_000233,cust_0091,prod_002,2,299800,INR,CAPTURED,netbanking,1,2026-03-16T08:51:38+05:30,2026-03-16T08:51:38+05:30,
txn_000234,cust_0092,prod_010,1,799900,INR,CAPTURED,card,1,2026-04-14T20:51:58+05:30,2026-04-14T20:51:58+05:30,
txn_000235,cust_0092,prod_010,1,799900,INR,CAPTURED,upi,1,2026-08-11T22:46:18+05:30,2026-08-11T22:46:18+05:30,
txn_000236,cust_0092,prod_013,1,299900,INR,CAPTURED,wallet,1,2026-04-30T20:22:54+05:30,2026-04-30T20:22:54+05:30,
txn_000237,cust_0093,prod_007,1,79900,INR,CAPTURED,wallet,1,2026-06-25T20:04:11+05:30,2026-06-25T20:04:11+05:30,
txn_000238,cust_0093,prod_008,1,129900,INR,CAPTURED,card,1,2026-06-30T11:26:18+05:30,2026-06-30T11:26:18+05:30,
txn_000239,cust_0095,prod_013,1,299900,INR,CAPTURED,wallet,1,2026-04-10T08:41:11+05:30,2026-04-10T08:41:11+05:30,
txn_000240,cust_0096,prod_013,1,299900,INR,CAPTURED,wallet,1,2026-06-16T22:26:12+05:30,2026-06-16T22:26:12+05:30,
txn_000241,cust_0097,prod_008,1,129900,INR,CAPTURED,netbanking,1,2026-05-28T18:24:42+05:30,2026-05-28T18:24:42+05:30,
txn_000242,cust_0099,prod_017,1,449900,INR,CAPTURED,wallet,1,2026-06-30T20:09:34+05:30,2026-06-30T20:09:34+05:30,
txn_000243,cust_0099,prod_010,1,799900,INR,CAPTURED,netbanking,1,2026-04-07T10:47:17+05:30,2026-04-07T10:47:17+05:30,
txn_000244,cust_0099,prod_013,3,899700,INR,CAPTURED,upi,1,2026-05-08T10:20:13+05:30,2026-05-08T10:20:13+05:30,
txn_000245,cust_0099,prod_009,1,249900,INR,CAPTURED,wallet,1,2026-05-22T18:17:12+05:30,2026-05-22T18:17:12+05:30,
txn_000246,cust_0099,prod_003,1,399900,INR,CAPTURED,card,1,2026-03-22T17:37:00+05:30,2026-03-22T17:37:00+05:30,
txn_000247,cust_0100,prod_015,1,19900,INR,CAPTURED,netbanking,1,2026-07-27T13:39:33+05:30,2026-07-27T13:39:33+05:30,
txn_000248,cust_0100,prod_008,1,129900,INR,CAPTURED,netbanking,1,2026-08-05T11:24:18+05:30,2026-08-05T11:24:18+05:30,
txn_000249,cust_0101,prod_003,1,399900,INR,CAPTURED,netbanking,1,2026-05-21T11:28:17+05:30,2026-05-21T11:28:17+05:30,
txn_000250,cust_0102,prod_010,1,799900,INR,CAPTURED,card,1,2026-06-04T13:59:44+05:30,2026-06-04T13:59:44+05:30,
txn_000251,cust_0102,prod_014,2,1799800,INR,CAPTURED,upi,1,2026-06-29T11:32:09+05:30,2026-06-29T11:32:09+05:30,
txn_000252,cust_0103,prod_010,1,799900,INR,CAPTURED,upi,1,2026-08-28T17:54:37+05:30,2026-08-28T17:54:37+05:30,
txn_000253,cust_0103,prod_018,2,2399800,INR,CAPTURED,wallet,1,2026-04-18T09:23:25+05:30,2026-04-18T09:23:25+05:30,
txn_000254,cust_0103,prod_012,1,6499900,INR,CAPTURED,card,1,2026-07-28T07:58:29+05:30,2026-07-28T07:58:29+05:30,
txn_000255,cust_0103,prod_011,1,2499900,INR,CAPTURED,upi,1,2026-07-17T18:26:51+05:30,2026-07-17T18:26:51+05:30,
txn_000256,cust_0103,prod_012,2,12999800,INR,CAPTURED,upi,1,2026-03-29T13:29:44+05:30,2026-03-29T13:29:44+05:30,
txn_000257,cust_0103,prod_010,1,799900,INR,CAPTURED,netbanking,1,2026-05-21T13:03:37+05:30,2026-05-21T13:03:37+05:30,
txn_000258,cust_0104,prod_018,1,1199900,INR,CAPTURED,card,1,2026-05-25T12:52:26+05:30,2026-05-25T12:52:26+05:30,
txn_000259,cust_0104,prod_017,1,449900,INR,CAPTURED,netbanking,1,2026-06-12T12:04:06+05:30,2026-06-12T12:04:06+05:30,
txn_000260,cust_0104,prod_007,3,239700,INR,CAPTURED,card,1,2026-07-07T17:05:11+05:30,2026-07-07T17:05:11+05:30,
txn_000261,cust_0105,prod_003,1,399900,INR,CAPTURED,upi,1,2026-06-17T18:14:00+05:30,2026-06-17T18:14:00+05:30,
txn_000262,cust_0106,prod_001,1,49900,INR,CAPTURED,wallet,1,2026-06-17T21:45:50+05:30,2026-06-17T21:45:50+05:30,
txn_000263,cust_0106,prod_003,1,399900,INR,CAPTURED,netbanking,1,2026-07-21T19:51:49+05:30,2026-07-21T19:51:49+05:30,
txn_000264,cust_0107,prod_001,1,49900,INR,CAPTURED,wallet,1,2026-04-05T07:47:22+05:30,2026-04-05T07:47:22+05:30,
txn_000265,cust_0107,prod_001,2,99800,INR,CAPTURED,card,1,2026-04-14T14:30:58+05:30,2026-04-14T14:30:58+05:30,
txn_000266,cust_0108,prod_009,1,249900,INR,CAPTURED,card,1,2026-05-19T17:00:56+05:30,2026-05-19T17:00:56+05:30,
txn_000267,cust_0108,prod_017,1,449900,INR,CAPTURED,card,1,2026-07-02T08:07:35+05:30,2026-07-02T08:07:35+05:30,
txn_000268,cust_0108,prod_009,1,249900,INR,CAPTURED,card,1,2026-08-06T20:42:58+05:30,2026-08-06T20:42:58+05:30,
txn_000269,cust_0108,prod_004,1,1499900,INR,CAPTURED,wallet,1,2026-07-21T14:56:45+05:30,2026-07-21T14:56:45+05:30,
txn_000270,cust_0109,prod_018,1,1199900,INR,CAPTURED,wallet,1,2026-08-16T11:58:02+05:30,2026-08-16T11:58:02+05:30,
txn_000271,cust_0109,prod_007,1,79900,INR,CAPTURED,upi,1,2026-04-24T06:26:10+05:30,2026-04-24T06:26:10+05:30,
txn_000272,cust_0109,prod_002,1,149900,INR,CAPTURED,upi,1,2026-03-12T22:22:37+05:30,2026-03-12T22:22:37+05:30,
txn_000273,cust_0110,prod_016,1,14900,INR,CAPTURED,upi,1,2026-04-24T19:09:06+05:30,2026-04-24T19:09:06+05:30,
txn_000274,cust_0110,prod_002,1,149900,INR,CAPTURED,upi,1,2026-03-28T17:03:48+05:30,2026-03-28T17:03:48+05:30,
txn_000275,cust_0111,prod_004,2,2999800,INR,CAPTURED,upi,1,2026-05-21T20:02:40+05:30,2026-05-21T20:02:40+05:30,
txn_000276,cust_0111,prod_010,1,799900,INR,CAPTURED,card,1,2026-03-11T15:48:02+05:30,2026-03-11T15:48:02+05:30,
txn_000277,cust_0111,prod_017,1,449900,INR,CAPTURED,card,1,2026-05-11T09:55:05+05:30,2026-05-11T09:55:05+05:30,
txn_000278,cust_0111,prod_014,1,899900,INR,CAPTURED,card,1,2026-03-09T12:07:06+05:30,2026-03-09T12:07:06+05:30,
txn_000279,cust_0112,prod_003,1,399900,INR,CAPTURED,wallet,1,2026-06-15T17:37:43+05:30,2026-06-15T17:37:43+05:30,
txn_000280,cust_0113,prod_001,1,49900,INR,CAPTURED,card,1,2026-05-27T07:28:12+05:30,2026-05-27T07:28:12+05:30,
txn_000281,cust_0113,prod_009,1,249900,INR,CAPTURED,wallet,1,2026-08-05T22:37:55+05:30,2026-08-05T22:37:55+05:30,
txn_000282,cust_0114,prod_001,1,49900,INR,CAPTURED,card,1,2026-03-22T19:53:46+05:30,2026-03-22T19:53:46+05:30,
txn_000283,cust_0115,prod_001,1,49900,INR,CAPTURED,card,1,2026-09-01T20:55:34+05:30,2026-09-01T20:55:34+05:30,
txn_000284,cust_0116,prod_015,1,19900,INR,CAPTURED,card,1,2026-07-09T16:43:50+05:30,2026-07-09T16:43:50+05:30,
txn_000285,cust_0116,prod_016,1,14900,INR,CAPTURED,wallet,1,2026-05-22T20:15:57+05:30,2026-05-22T20:15:57+05:30,
txn_000286,cust_0118,prod_009,1,249900,INR,CAPTURED,wallet,1,2026-05-26T14:50:55+05:30,2026-05-26T14:50:55+05:30,
txn_000287,cust_0119,prod_007,1,79900,INR,CAPTURED,card,1,2026-03-26T15:51:55+05:30,2026-03-26T15:51:55+05:30,
txn_000288,cust_0119,prod_010,1,799900,INR,CAPTURED,netbanking,1,2026-05-22T23:32:55+05:30,2026-05-22T23:32:55+05:30,
txn_000289,cust_0119,prod_010,1,799900,INR,CAPTURED,card,1,2026-04-21T20:30:55+05:30,2026-04-21T20:30:55+05:30,
txn_000290,cust_0119,prod_008,1,129900,INR,CAPTURED,upi,1,2026-08-06T06:32:09+05:30,2026-08-06T06:32:09+05:30,
txn_000291,cust_0119,prod_014,1,899900,INR,CAPTURED,card,1,2026-07-20T07:02:16+05:30,2026-07-20T07:02:16+05:30,
txn_000292,cust_0120,prod_013,1,299900,INR,CAPTURED,upi,1,2026-03-24T23:40:31+05:30,2026-03-24T23:40:31+05:30,
txn_000293,cust_0120,prod_003,3,1199700,INR,CAPTURED,netbanking,1,2026-08-06T07:44:40+05:30,2026-08-06T07:44:40+05:30,
txn_000294,cust_0120,prod_007,1,79900,INR,CAPTURED,upi,1,2026-04-29T22:40:06+05:30,2026-04-29T22:40:06+05:30,
txn_000295,cust_0120,prod_014,1,899900,INR,CAPTURED,netbanking,1,2026-06-24T19:19:35+05:30,2026-06-24T19:19:35+05:30,
txn_000296,cust_0121,prod_014,3,2699700,INR,CAPTURED,netbanking,1,2026-07-06T18:39:42+05:30,2026-07-06T18:39:42+05:30,
txn_000297,cust_0121,prod_014,1,899900,INR,CAPTURED,wallet,1,2026-08-06T07:13:12+05:30,2026-08-06T07:13:12+05:30,
txn_000298,cust_0121,prod_002,1,149900,INR,CAPTURED,netbanking,1,2026-06-24T04:42:46+05:30,2026-06-24T04:42:46+05:30,
txn_000299,cust_0121,prod_003,3,1199700,INR,CAPTURED,wallet,1,2026-08-14T08:04:26+05:30,2026-08-14T08:04:26+05:30,
txn_000300,cust_0122,prod_001,1,49900,INR,CAPTURED,upi,1,2026-05-20T11:38:01+05:30,2026-05-20T11:38:01+05:30,
txn_000301,cust_0122,prod_016,1,14900,INR,CAPTURED,netbanking,1,2026-04-29T20:55:48+05:30,2026-04-29T20:55:48+05:30,
txn_000302,cust_0123,prod_005,1,3999900,INR,CAPTURED,wallet,1,2026-07-17T22:21:48+05:30,2026-07-17T22:21:48+05:30,
txn_000303,cust_0123,prod_014,1,899900,INR,CAPTURED,card,1,2026-07-08T14:06:11+05:30,2026-07-08T14:06:11+05:30,
txn_000304,cust_0123,prod_011,1,2499900,INR,CAPTURED,netbanking,1,2026-03-14T08:18:48+05:30,2026-03-14T08:18:48+05:30,
txn_000305,cust_0123,prod_009,1,249900,INR,CAPTURED,upi,1,2026-04-02T15:04:30+05:30,2026-04-02T15:04:30+05:30,
txn_000306,cust_0123,prod_013,1,299900,INR,CAPTURED,card,1,2026-08-06T12:36:24+05:30,2026-08-06T12:36:24+05:30,
txn_000307,cust_0123,prod_010,3,2399700,INR,CAPTURED,card,1,2026-07-11T13:43:35+05:30,2026-07-11T13:43:35+05:30,
txn_000308,cust_0123,prod_009,1,249900,INR,CAPTURED,upi,1,2026-07-03T15:57:31+05:30,2026-07-03T15:57:31+05:30,
txn_000309,cust_0123,prod_012,1,6499900,INR,CAPTURED,netbanking,1,2026-07-30T08:00:48+05:30,2026-07-30T08:00:48+05:30,
txn_000310,cust_0124,prod_008,1,129900,INR,CAPTURED,upi,1,2026-08-21T19:55:04+05:30,2026-08-21T19:55:04+05:30,
txn_000311,cust_0124,prod_001,2,99800,INR,CAPTURED,card,1,2026-06-06T15:54:17+05:30,2026-06-06T15:54:17+05:30,
txn_000312,cust_0125,prod_011,1,2499900,INR,CAPTURED,card,1,2026-07-10T17:40:45+05:30,2026-07-10T17:40:45+05:30,
txn_000313,cust_0125,prod_010,1,799900,INR,CAPTURED,upi,1,2026-06-15T15:57:03+05:30,2026-06-15T15:57:03+05:30,
txn_000314,cust_0125,prod_002,1,149900,INR,CAPTURED,netbanking,1,2026-03-19T13:38:11+05:30,2026-03-19T13:38:11+05:30,
txn_000315,cust_0125,prod_013,1,299900,INR,CAPTURED,upi,1,2026-06-09T11:19:29+05:30,2026-06-09T11:19:29+05:30,
txn_000316,cust_0125,prod_017,2,899800,INR,CAPTURED,wallet,1,2026-07-30T22:45:45+05:30,2026-07-30T22:45:45+05:30,
txn_000317,cust_0125,prod_011,1,2499900,INR,CAPTURED,card,1,2026-05-12T20:22:23+05:30,2026-05-12T20:22:23+05:30,
txn_000318,cust_0125,prod_018,1,1199900,INR,CAPTURED,netbanking,1,2026-04-03T19:04:35+05:30,2026-04-03T19:04:35+05:30,
txn_000319,cust_0128,prod_009,1,249900,INR,CAPTURED,upi,1,2026-05-28T11:37:30+05:30,2026-05-28T11:37:30+05:30,
txn_000320,cust_0128,prod_013,2,599800,INR,CAPTURED,netbanking,1,2026-07-27T17:19:16+05:30,2026-07-27T17:19:16+05:30,
txn_000321,cust_0128,prod_014,3,2699700,INR,CAPTURED,netbanking,1,2026-05-15T11:04:41+05:30,2026-05-15T11:04:41+05:30,
txn_000322,cust_0128,prod_018,1,1199900,INR,CAPTURED,netbanking,1,2026-05-19T12:56:52+05:30,2026-05-19T12:56:52+05:30,
txn_000323,cust_0128,prod_006,1,8999900,INR,CAPTURED,wallet,1,2026-05-19T09:53:40+05:30,2026-05-19T09:53:40+05:30,
txn_000324,cust_0128,prod_011,1,2499900,INR,CAPTURED,upi,1,2026-07-20T19:18:08+05:30,2026-07-20T19:18:08+05:30,
txn_000325,cust_0128,prod_006,1,8999900,INR,CAPTURED,netbanking,1,2026-05-03T15:20:01+05:30,2026-05-03T15:20:01+05:30,
txn_000326,cust_0128,prod_006,1,8999900,INR,CAPTURED,card,1,2026-03-20T19:52:08+05:30,2026-03-20T19:52:08+05:30,
txn_000327,cust_0129,prod_013,1,299900,INR,CAPTURED,wallet,1,2026-08-17T17:27:04+05:30,2026-08-17T17:27:04+05:30,
txn_000328,cust_0129,prod_013,1,299900,INR,CAPTURED,wallet,1,2026-06-18T15:48:21+05:30,2026-06-18T15:48:21+05:30,
txn_000329,cust_0129,prod_008,1,129900,INR,CAPTURED,card,1,2026-05-09T14:00:50+05:30,2026-05-09T14:00:50+05:30,
txn_000330,cust_0131,prod_007,1,79900,INR,CAPTURED,wallet,1,2026-08-22T14:26:01+05:30,2026-08-22T14:26:01+05:30,
txn_000331,cust_0131,prod_007,1,79900,INR,CAPTURED,upi,1,2026-04-02T13:30:58+05:30,2026-04-02T13:30:58+05:30,
txn_000332,cust_0132,prod_008,2,259800,INR,CAPTURED,netbanking,1,2026-07-09T19:25:37+05:30,2026-07-09T19:25:37+05:30,
txn_000333,cust_0132,prod_007,1,79900,INR,CAPTURED,wallet,1,2026-08-13T18:04:53+05:30,2026-08-13T18:04:53+05:30,
txn_000334,cust_0132,prod_018,1,1199900,INR,CAPTURED,netbanking,1,2026-07-29T20:28:17+05:30,2026-07-29T20:28:17+05:30,
txn_000335,cust_0132,prod_010,1,799900,INR,CAPTURED,upi,1,2026-04-01T14:09:16+05:30,2026-04-01T14:09:16+05:30,
txn_000336,cust_0133,prod_017,1,449900,INR,CAPTURED,wallet,1,2026-04-26T20:25:16+05:30,2026-04-26T20:25:16+05:30,
txn_000337,cust_0133,prod_004,1,1499900,INR,CAPTURED,card,1,2026-04-16T12:41:00+05:30,2026-04-16T12:41:00+05:30,
txn_000338,cust_0133,prod_012,1,6499900,INR,CAPTURED,wallet,1,2026-03-25T10:30:58+05:30,2026-03-25T10:30:58+05:30,
txn_000339,cust_0133,prod_010,2,1599800,INR,CAPTURED,netbanking,1,2026-05-12T11:52:25+05:30,2026-05-12T11:52:25+05:30,
txn_000340,cust_0134,prod_008,1,129900,INR,CAPTURED,card,1,2026-06-16T19:12:01+05:30,2026-06-16T19:12:01+05:30,
txn_000341,cust_0134,prod_014,1,899900,INR,CAPTURED,upi,1,2026-05-16T15:43:10+05:30,2026-05-16T15:43:10+05:30,
txn_000342,cust_0134,prod_007,2,159800,INR,CAPTURED,upi,1,2026-04-06T20:27:00+05:30,2026-04-06T20:27:00+05:30,
txn_000343,cust_0135,prod_017,1,449900,INR,CAPTURED,netbanking,1,2026-04-15T13:37:30+05:30,2026-04-15T13:37:30+05:30,
txn_000344,cust_0135,prod_007,1,79900,INR,CAPTURED,card,1,2026-05-01T19:40:34+05:30,2026-05-01T19:40:34+05:30,
txn_000345,cust_0135,prod_001,1,49900,INR,CAPTURED,netbanking,1,2026-03-30T19:24:32+05:30,2026-03-30T19:24:32+05:30,
txn_000346,cust_0135,prod_017,1,449900,INR,CAPTURED,wallet,1,2026-04-29T12:26:30+05:30,2026-04-29T12:26:30+05:30,
txn_000347,cust_0136,prod_002,1,149900,INR,CAPTURED,upi,1,2026-06-22T13:51:23+05:30,2026-06-22T13:51:23+05:30,
txn_000348,cust_0136,prod_004,1,1499900,INR,CAPTURED,upi,1,2026-05-14T12:20:35+05:30,2026-05-14T12:20:35+05:30,
txn_000349,cust_0136,prod_013,1,299900,INR,CAPTURED,upi,1,2026-04-17T19:38:20+05:30,2026-04-17T19:38:20+05:30,
txn_000350,cust_0137,prod_008,1,129900,INR,CAPTURED,wallet,1,2026-04-20T14:30:14+05:30,2026-04-20T14:30:14+05:30,
txn_000351,cust_0138,prod_002,2,299800,INR,CAPTURED,wallet,1,2026-04-09T19:47:51+05:30,2026-04-09T19:47:51+05:30,
txn_000352,cust_0138,prod_010,3,2399700,INR,CAPTURED,wallet,1,2026-07-13T20:10:07+05:30,2026-07-13T20:10:07+05:30,
txn_000353,cust_0138,prod_018,3,3599700,INR,CAPTURED,wallet,1,2026-06-26T08:56:00+05:30,2026-06-26T08:56:00+05:30,
txn_000354,cust_0139,prod_008,1,129900,INR,CAPTURED,upi,1,2026-08-11T06:06:11+05:30,2026-08-11T06:06:11+05:30,
txn_000355,cust_0139,prod_003,1,399900,INR,CAPTURED,card,1,2026-07-06T20:48:01+05:30,2026-07-06T20:48:01+05:30,
txn_000356,cust_0139,prod_007,1,79900,INR,CAPTURED,card,1,2026-05-21T18:19:51+05:30,2026-05-21T18:19:51+05:30,
txn_000357,cust_0139,prod_013,1,299900,INR,CAPTURED,card,1,2026-08-21T13:02:12+05:30,2026-08-21T13:02:12+05:30,
txn_000358,cust_0139,prod_001,1,49900,INR,CAPTURED,upi,1,2026-07-20T12:52:21+05:30,2026-07-20T12:52:21+05:30,
txn_000359,cust_0140,prod_006,1,8999900,INR,CAPTURED,wallet,1,2026-04-20T22:07:16+05:30,2026-04-20T22:07:16+05:30,
txn_000360,cust_0140,prod_012,1,6499900,INR,CAPTURED,wallet,1,2026-05-13T18:53:29+05:30,2026-05-13T18:53:29+05:30,
txn_000361,cust_0140,prod_003,1,399900,INR,CAPTURED,wallet,1,2026-05-29T19:15:30+05:30,2026-05-29T19:15:30+05:30,
txn_000362,cust_0140,prod_003,1,399900,INR,CAPTURED,card,1,2026-04-07T10:36:44+05:30,2026-04-07T10:36:44+05:30,
txn_000363,cust_0140,prod_014,3,2699700,INR,CAPTURED,wallet,1,2026-07-13T12:19:30+05:30,2026-07-13T12:19:30+05:30,
txn_000364,cust_0140,prod_017,1,449900,INR,CAPTURED,netbanking,1,2026-07-02T14:46:30+05:30,2026-07-02T14:46:30+05:30,
txn_000365,cust_0140,prod_009,1,249900,INR,CAPTURED,card,1,2026-07-14T18:45:06+05:30,2026-07-14T18:45:06+05:30,
txn_000366,cust_0140,prod_013,1,299900,INR,CAPTURED,card,1,2026-03-20T23:24:41+05:30,2026-03-20T23:24:41+05:30,
txn_000367,cust_0142,prod_016,1,14900,INR,CAPTURED,upi,1,2026-03-18T10:33:45+05:30,2026-03-18T10:33:45+05:30,
txn_000368,cust_0142,prod_003,1,399900,INR,CAPTURED,upi,1,2026-07-25T18:50:59+05:30,2026-07-25T18:50:59+05:30,
txn_000369,cust_0143,prod_014,1,899900,INR,CAPTURED,upi,1,2026-08-26T18:59:56+05:30,2026-08-26T18:59:56+05:30,
txn_000370,cust_0143,prod_014,1,899900,INR,CAPTURED,upi,1,2026-05-21T19:58:38+05:30,2026-05-21T19:58:38+05:30,
txn_000371,cust_0143,prod_014,1,899900,INR,CAPTURED,upi,1,2026-06-28T16:01:02+05:30,2026-06-28T16:01:02+05:30,
txn_000372,cust_0143,prod_004,1,1499900,INR,CAPTURED,wallet,1,2026-05-31T15:29:31+05:30,2026-05-31T15:29:31+05:30,
txn_000373,cust_0143,prod_007,1,79900,INR,CAPTURED,card,1,2026-07-16T09:18:32+05:30,2026-07-16T09:18:32+05:30,
txn_000374,cust_0145,prod_008,1,129900,INR,CAPTURED,wallet,1,2026-03-06T12:11:00+05:30,2026-03-06T12:11:00+05:30,
txn_000375,cust_0145,prod_008,1,129900,INR,CAPTURED,upi,1,2026-06-11T18:00:55+05:30,2026-06-11T18:00:55+05:30,
txn_000376,cust_0145,prod_001,1,49900,INR,CAPTURED,card,1,2026-03-05T16:58:05+05:30,2026-03-05T16:58:05+05:30,
txn_000377,cust_0145,prod_008,1,129900,INR,CAPTURED,netbanking,1,2026-07-16T20:14:16+05:30,2026-07-16T20:14:16+05:30,
txn_000378,cust_0146,prod_001,1,49900,INR,CAPTURED,card,1,2026-03-07T14:49:20+05:30,2026-03-07T14:49:20+05:30,
txn_000379,cust_0146,prod_018,1,1199900,INR,CAPTURED,wallet,1,2026-03-14T19:19:31+05:30,2026-03-14T19:19:31+05:30,
txn_000380,cust_0146,prod_009,1,249900,INR,CAPTURED,upi,1,2026-04-06T17:09:15+05:30,2026-04-06T17:09:15+05:30,
txn_000381,cust_0147,prod_014,1,899900,INR,CAPTURED,netbanking,1,2026-03-03T17:51:31+05:30,2026-03-03T17:51:31+05:30,
txn_000382,cust_0147,prod_013,1,299900,INR,CAPTURED,upi,1,2026-04-08T11:54:17+05:30,2026-04-08T11:54:17+05:30,
txn_000383,cust_0147,prod_017,1,449900,INR,CAPTURED,card,1,2026-04-15T04:07:26+05:30,2026-04-15T04:07:26+05:30,
txn_000384,cust_0148,prod_013,1,299900,INR,CAPTURED,wallet,1,2026-06-21T20:21:11+05:30,2026-06-21T20:21:11+05:30,
txn_000385,cust_0148,prod_015,2,39800,INR,CAPTURED,card,1,2026-07-21T17:28:14+05:30,2026-07-21T17:28:14+05:30,
txn_000386,cust_0149,prod_001,1,49900,INR,CAPTURED,netbanking,1,2026-04-27T14:16:47+05:30,2026-04-27T14:16:47+05:30,
txn_000387,cust_0149,prod_016,1,14900,INR,CAPTURED,netbanking,1,2026-07-19T17:11:44+05:30,2026-07-19T17:11:44+05:30,
txn_000388,cust_0150,prod_002,3,449700,INR,CAPTURED,wallet,1,2026-03-30T20:34:25+05:30,2026-03-30T20:34:25+05:30,
txn_000389,cust_0152,prod_002,1,149900,INR,CAPTURED,upi,1,2026-03-11T09:53:42+05:30,2026-03-11T09:53:42+05:30,
txn_000390,cust_0152,prod_014,1,899900,INR,CAPTURED,wallet,1,2026-08-05T09:42:28+05:30,2026-08-05T09:42:28+05:30,
txn_000391,cust_0154,prod_010,1,799900,INR,CAPTURED,upi,1,2026-05-12T13:54:38+05:30,2026-05-12T13:54:38+05:30,
txn_000392,cust_0154,prod_006,1,8999900,INR,CAPTURED,netbanking,1,2026-08-08T11:29:30+05:30,2026-08-08T11:29:30+05:30,
txn_000393,cust_0154,prod_010,1,799900,INR,CAPTURED,upi,1,2026-03-07T11:33:27+05:30,2026-03-07T11:33:27+05:30,
txn_000394,cust_0154,prod_003,1,399900,INR,CAPTURED,upi,1,2026-04-23T11:58:38+05:30,2026-04-23T11:58:38+05:30,
txn_000395,cust_0154,prod_018,1,1199900,INR,CAPTURED,netbanking,1,2026-03-17T16:49:22+05:30,2026-03-17T16:49:22+05:30,
txn_000396,cust_0154,prod_009,1,249900,INR,CAPTURED,netbanking,1,2026-04-25T12:24:51+05:30,2026-04-25T12:24:51+05:30,
txn_000397,cust_0154,prod_011,1,2499900,INR,CAPTURED,wallet,1,2026-05-29T14:03:16+05:30,2026-05-29T14:03:16+05:30,
txn_000398,cust_0154,prod_013,1,299900,INR,CAPTURED,card,1,2026-05-04T20:18:04+05:30,2026-05-04T20:18:04+05:30,
txn_000399,cust_0155,prod_008,1,129900,INR,CAPTURED,netbanking,1,2026-04-01T19:59:25+05:30,2026-04-01T19:59:25+05:30,
txn_000400,cust_0155,prod_001,1,49900,INR,CAPTURED,netbanking,1,2026-06-09T16:07:26+05:30,2026-06-09T16:07:26+05:30,
txn_000401,cust_0155,prod_018,1,1199900,INR,CAPTURED,wallet,1,2026-04-17T16:47:24+05:30,2026-04-17T16:47:24+05:30,
txn_000402,cust_0155,prod_017,1,449900,INR,CAPTURED,netbanking,1,2026-05-20T18:02:47+05:30,2026-05-20T18:02:47+05:30,
txn_000403,cust_0156,prod_001,1,49900,INR,CAPTURED,upi,1,2026-03-24T19:22:51+05:30,2026-03-24T19:22:51+05:30,
txn_000404,cust_0157,prod_008,3,389700,INR,CAPTURED,upi,1,2026-07-31T14:48:53+05:30,2026-07-31T14:48:53+05:30,
txn_000405,cust_0157,prod_001,3,149700,INR,CAPTURED,card,1,2026-06-20T16:52:23+05:30,2026-06-20T16:52:23+05:30,
txn_000406,cust_0158,prod_018,1,1199900,INR,CAPTURED,card,1,2026-07-09T17:56:56+05:30,2026-07-09T17:56:56+05:30,
txn_000407,cust_0158,prod_007,3,239700,INR,CAPTURED,upi,1,2026-05-14T09:06:39+05:30,2026-05-14T09:06:39+05:30,
txn_000408,cust_0158,prod_008,1,129900,INR,CAPTURED,card,1,2026-06-10T08:34:19+05:30,2026-06-10T08:34:19+05:30,
txn_000409,cust_0158,prod_003,1,399900,INR,CAPTURED,card,1,2026-04-20T14:23:09+05:30,2026-04-20T14:23:09+05:30,
txn_000410,cust_0158,prod_001,1,49900,INR,CAPTURED,netbanking,1,2026-06-13T09:56:16+05:30,2026-06-13T09:56:16+05:30,
txn_000411,cust_0159,prod_003,1,399900,INR,CAPTURED,upi,1,2026-06-25T17:53:01+05:30,2026-06-25T17:53:01+05:30,
txn_000412,cust_0159,prod_009,2,499800,INR,CAPTURED,card,1,2026-04-17T14:00:16+05:30,2026-04-17T14:00:16+05:30,
txn_000413,cust_0159,prod_017,1,449900,INR,CAPTURED,card,1,2026-07-10T09:31:31+05:30,2026-07-10T09:31:31+05:30,
txn_000414,cust_0159,prod_010,1,799900,INR,CAPTURED,wallet,1,2026-08-20T14:32:17+05:30,2026-08-20T14:32:17+05:30,
txn_000415,cust_0159,prod_009,1,249900,INR,CAPTURED,netbanking,1,2026-03-24T20:05:48+05:30,2026-03-24T20:05:48+05:30,
txn_000416,cust_0159,prod_017,1,449900,INR,CAPTURED,wallet,1,2026-05-06T20:23:15+05:30,2026-05-06T20:23:15+05:30,
txn_000417,cust_0160,prod_005,1,3999900,INR,CAPTURED,upi,1,2026-06-19T21:05:06+05:30,2026-06-19T21:05:06+05:30,
txn_000418,cust_0160,prod_003,1,399900,INR,CAPTURED,wallet,1,2026-07-06T13:18:58+05:30,2026-07-06T13:18:58+05:30,
txn_000419,cust_0160,prod_018,1,1199900,INR,CAPTURED,netbanking,1,2026-06-20T18:02:58+05:30,2026-06-20T18:02:58+05:30,
txn_000420,cust_0160,prod_017,1,449900,INR,CAPTURED,wallet,1,2026-06-14T09:44:31+05:30,2026-06-14T09:44:31+05:30,
txn_000421,cust_0160,prod_013,1,299900,INR,CAPTURED,netbanking,1,2026-05-04T18:01:19+05:30,2026-05-04T18:01:19+05:30,
txn_000422,cust_0160,prod_011,2,4999800,INR,CAPTURED,netbanking,1,2026-07-10T11:04:30+05:30,2026-07-10T11:04:30+05:30,
txn_000423,cust_0160,prod_004,1,1499900,INR,CAPTURED,upi,1,2026-08-17T12:44:14+05:30,2026-08-17T12:44:14+05:30,
txn_000424,cust_0160,prod_014,1,899900,INR,CAPTURED,upi,1,2026-06-26T11:15:47+05:30,2026-06-26T11:15:47+05:30,
txn_000425,cust_0161,prod_004,1,1499900,INR,CAPTURED,card,1,2026-04-05T22:48:09+05:30,2026-04-05T22:48:09+05:30,
txn_000426,cust_0161,prod_002,1,149900,INR,CAPTURED,netbanking,1,2026-05-24T10:42:08+05:30,2026-05-24T10:42:08+05:30,
txn_000427,cust_0161,prod_003,1,399900,INR,CAPTURED,upi,1,2026-08-25T09:38:58+05:30,2026-08-25T09:38:58+05:30,
txn_000428,cust_0161,prod_012,1,6499900,INR,CAPTURED,upi,1,2026-08-03T18:23:06+05:30,2026-08-03T18:23:06+05:30,
txn_000429,cust_0161,prod_017,1,449900,INR,CAPTURED,upi,1,2026-04-28T19:28:39+05:30,2026-04-28T19:28:39+05:30,
txn_000430,cust_0161,prod_002,1,149900,INR,CAPTURED,wallet,1,2026-03-13T23:02:30+05:30,2026-03-13T23:02:30+05:30,
txn_000431,cust_0161,prod_010,1,799900,INR,CAPTURED,card,1,2026-05-02T14:15:33+05:30,2026-05-02T14:15:33+05:30,
txn_000432,cust_0161,prod_003,3,1199700,INR,CAPTURED,upi,1,2026-04-25T19:36:25+05:30,2026-04-25T19:36:25+05:30,
txn_000433,cust_0162,prod_007,1,79900,INR,CAPTURED,card,1,2026-07-05T12:04:30+05:30,2026-07-05T12:04:30+05:30,
txn_000434,cust_0163,prod_004,3,4499700,INR,CAPTURED,upi,1,2026-03-27T17:33:11+05:30,2026-03-27T17:33:11+05:30,
txn_000435,cust_0163,prod_007,1,79900,INR,CAPTURED,card,1,2026-04-20T14:12:52+05:30,2026-04-20T14:12:52+05:30,
txn_000436,cust_0163,prod_014,1,899900,INR,CAPTURED,card,1,2026-06-30T19:04:57+05:30,2026-06-30T19:04:57+05:30,
txn_000437,cust_0164,prod_003,1,399900,INR,CAPTURED,netbanking,1,2026-08-19T21:40:52+05:30,2026-08-19T21:40:52+05:30,
txn_000438,cust_0164,prod_018,1,1199900,INR,CAPTURED,card,1,2026-03-08T12:49:34+05:30,2026-03-08T12:49:34+05:30,
txn_000439,cust_0164,prod_002,1,149900,INR,CAPTURED,netbanking,1,2026-07-08T14:44:38+05:30,2026-07-08T14:44:38+05:30,
txn_000440,cust_0164,prod_007,1,79900,INR,CAPTURED,netbanking,1,2026-04-30T16:18:15+05:30,2026-04-30T16:18:15+05:30,
txn_000441,cust_0164,prod_009,1,249900,INR,CAPTURED,netbanking,1,2026-07-14T11:05:27+05:30,2026-07-14T11:05:27+05:30,
txn_000442,cust_0165,prod_003,1,399900,INR,CAPTURED,card,1,2026-06-06T20:58:00+05:30,2026-06-06T20:58:00+05:30,
txn_000443,cust_0165,prod_009,1,249900,INR,CAPTURED,wallet,1,2026-03-11T16:22:47+05:30,2026-03-11T16:22:47+05:30,
txn_000444,cust_0166,prod_003,1,399900,INR,CAPTURED,upi,1,2026-08-24T12:58:38+05:30,2026-08-24T12:58:38+05:30,
txn_000445,cust_0167,prod_016,1,14900,INR,CAPTURED,netbanking,1,2026-03-20T12:23:40+05:30,2026-03-20T12:23:40+05:30,
txn_000446,cust_0167,prod_016,1,14900,INR,CAPTURED,card,1,2026-05-29T09:05:51+05:30,2026-05-29T09:05:51+05:30,
txn_000447,cust_0168,prod_003,1,399900,INR,CAPTURED,netbanking,1,2026-05-22T19:49:03+05:30,2026-05-22T19:49:03+05:30,
txn_000448,cust_0168,prod_017,1,449900,INR,CAPTURED,card,1,2026-08-29T15:57:02+05:30,2026-08-29T15:57:02+05:30,
txn_000449,cust_0168,prod_010,1,799900,INR,CAPTURED,upi,1,2026-05-05T17:00:17+05:30,2026-05-05T17:00:17+05:30,
txn_000450,cust_0168,prod_010,1,799900,INR,CAPTURED,netbanking,1,2026-06-08T17:43:35+05:30,2026-06-08T17:43:35+05:30,
txn_000451,cust_0168,prod_004,1,1499900,INR,CAPTURED,card,1,2026-03-10T12:33:35+05:30,2026-03-10T12:33:35+05:30,
txn_000452,cust_0168,prod_012,1,6499900,INR,CAPTURED,upi,1,2026-07-13T13:57:18+05:30,2026-07-13T13:57:18+05:30,
txn_000453,cust_0169,prod_002,1,149900,INR,CAPTURED,wallet,1,2026-06-14T12:28:56+05:30,2026-06-14T12:28:56+05:30,
txn_000454,cust_0169,prod_006,1,8999900,INR,CAPTURED,upi,1,2026-03-24T11:04:38+05:30,2026-03-24T11:04:38+05:30,
txn_000455,cust_0169,prod_011,1,2499900,INR,CAPTURED,netbanking,1,2026-03-30T09:11:57+05:30,2026-03-30T09:11:57+05:30,
txn_000456,cust_0169,prod_004,1,1499900,INR,CAPTURED,netbanking,1,2026-07-10T15:03:05+05:30,2026-07-10T15:03:05+05:30,
txn_000457,cust_0169,prod_010,2,1599800,INR,CAPTURED,wallet,1,2026-08-22T14:25:44+05:30,2026-08-22T14:25:44+05:30,
txn_000458,cust_0169,prod_006,1,8999900,INR,CAPTURED,wallet,1,2026-04-08T15:03:19+05:30,2026-04-08T15:03:19+05:30,
txn_000459,cust_0169,prod_009,1,249900,INR,CAPTURED,upi,1,2026-08-31T14:43:34+05:30,2026-08-31T14:43:34+05:30,
txn_000460,cust_0170,prod_007,1,79900,INR,CAPTURED,wallet,1,2026-06-13T07:14:16+05:30,2026-06-13T07:14:16+05:30,
txn_000461,cust_0170,prod_009,1,249900,INR,CAPTURED,upi,1,2026-03-03T10:09:44+05:30,2026-03-03T10:09:44+05:30,
txn_000462,cust_0170,prod_018,1,1199900,INR,CAPTURED,netbanking,1,2026-07-22T20:38:22+05:30,2026-07-22T20:38:22+05:30,
txn_000463,cust_0170,prod_009,1,249900,INR,CAPTURED,card,1,2026-09-01T08:34:26+05:30,2026-09-01T08:34:26+05:30,
txn_000464,cust_0170,prod_001,1,49900,INR,CAPTURED,netbanking,1,2026-05-07T16:01:15+05:30,2026-05-07T16:01:15+05:30,
txn_000465,cust_0171,prod_015,1,19900,INR,CAPTURED,wallet,1,2026-03-15T18:39:42+05:30,2026-03-15T18:39:42+05:30,
txn_000466,cust_0172,prod_001,1,49900,INR,CAPTURED,upi,1,2026-06-13T21:51:25+05:30,2026-06-13T21:51:25+05:30,
txn_000467,cust_0172,prod_014,1,899900,INR,CAPTURED,card,1,2026-06-01T20:00:47+05:30,2026-06-01T20:00:47+05:30,
txn_000468,cust_0172,prod_014,1,899900,INR,CAPTURED,netbanking,1,2026-08-28T13:18:02+05:30,2026-08-28T13:18:02+05:30,
txn_000469,cust_0172,prod_010,1,799900,INR,CAPTURED,netbanking,1,2026-05-01T13:12:13+05:30,2026-05-01T13:12:13+05:30,
txn_000470,cust_0172,prod_007,1,79900,INR,CAPTURED,card,1,2026-06-03T10:24:21+05:30,2026-06-03T10:24:21+05:30,
txn_000471,cust_0173,prod_014,2,1799800,INR,CAPTURED,upi,1,2026-05-31T10:20:00+05:30,2026-05-31T10:20:00+05:30,
txn_000472,cust_0173,prod_007,1,79900,INR,CAPTURED,upi,1,2026-05-25T11:54:53+05:30,2026-05-25T11:54:53+05:30,
txn_000473,cust_0174,prod_002,1,149900,INR,CAPTURED,netbanking,1,2026-04-24T12:20:03+05:30,2026-04-24T12:20:03+05:30,
txn_000474,cust_0177,prod_007,1,79900,INR,CAPTURED,upi,1,2026-03-17T15:00:22+05:30,2026-03-17T15:00:22+05:30,
txn_000475,cust_0179,prod_015,1,19900,INR,CAPTURED,netbanking,1,2026-05-12T16:37:29+05:30,2026-05-12T16:37:29+05:30,
txn_000476,cust_0179,prod_003,1,399900,INR,CAPTURED,netbanking,1,2026-07-07T19:40:01+05:30,2026-07-07T19:40:01+05:30,
txn_000477,cust_0180,prod_010,1,799900,INR,CAPTURED,upi,1,2026-06-14T16:37:07+05:30,2026-06-14T16:37:07+05:30,
txn_000478,cust_0180,prod_014,1,899900,INR,CAPTURED,upi,1,2026-08-09T14:01:42+05:30,2026-08-09T14:01:42+05:30,
txn_000479,cust_0180,prod_003,3,1199700,INR,CAPTURED,upi,1,2026-03-17T20:12:07+05:30,2026-03-17T20:12:07+05:30,
txn_000480,cust_0180,prod_001,1,49900,INR,CAPTURED,wallet,1,2026-05-14T18:32:35+05:30,2026-05-14T18:32:35+05:30,
txn_000481,cust_0181,prod_017,1,449900,INR,CAPTURED,upi,1,2026-04-08T14:29:37+05:30,2026-04-08T14:29:37+05:30,
txn_000482,cust_0181,prod_002,1,149900,INR,CAPTURED,upi,1,2026-04-18T11:37:34+05:30,2026-04-18T11:37:34+05:30,
txn_000483,cust_0181,prod_017,1,449900,INR,CAPTURED,upi,1,2026-03-26T07:34:41+05:30,2026-03-26T07:34:41+05:30,
txn_000484,cust_0181,prod_002,1,149900,INR,CAPTURED,upi,1,2026-03-09T15:09:41+05:30,2026-03-09T15:09:41+05:30,
txn_000485,cust_0182,prod_015,1,19900,INR,CAPTURED,netbanking,1,2026-04-24T11:09:00+05:30,2026-04-24T11:09:00+05:30,
txn_000486,cust_0182,prod_001,1,49900,INR,CAPTURED,card,1,2026-06-12T08:02:02+05:30,2026-06-12T08:02:02+05:30,
txn_000487,cust_0183,prod_008,1,129900,INR,CAPTURED,upi,1,2026-06-27T21:06:14+05:30,2026-06-27T21:06:14+05:30,
txn_000488,cust_0183,prod_017,1,449900,INR,CAPTURED,card,1,2026-03-11T09:23:32+05:30,2026-03-11T09:23:32+05:30,
txn_000489,cust_0183,prod_010,1,799900,INR,CAPTURED,upi,1,2026-07-03T06:25:07+05:30,2026-07-03T06:25:07+05:30,
txn_000490,cust_0184,prod_008,1,129900,INR,CAPTURED,upi,1,2026-08-27T21:44:04+05:30,2026-08-27T21:44:04+05:30,
txn_000491,cust_0187,prod_013,1,299900,INR,CAPTURED,card,1,2026-04-09T16:27:39+05:30,2026-04-09T16:27:39+05:30,
txn_000492,cust_0187,prod_013,1,299900,INR,CAPTURED,wallet,1,2026-08-07T13:02:45+05:30,2026-08-07T13:02:45+05:30,
txn_000493,cust_0188,prod_013,2,599800,INR,CAPTURED,card,1,2026-06-22T20:47:23+05:30,2026-06-22T20:47:23+05:30,
txn_000494,cust_0188,prod_004,1,1499900,INR,CAPTURED,wallet,1,2026-06-17T08:51:15+05:30,2026-06-17T08:51:15+05:30,
txn_000495,cust_0188,prod_009,1,249900,INR,CAPTURED,wallet,1,2026-07-04T09:35:26+05:30,2026-07-04T09:35:26+05:30,
txn_000496,cust_0189,prod_013,1,299900,INR,CAPTURED,netbanking,1,2026-06-15T20:25:38+05:30,2026-06-15T20:25:38+05:30,
txn_000497,cust_0190,prod_003,1,399900,INR,CAPTURED,upi,1,2026-04-08T16:09:24+05:30,2026-04-08T16:09:24+05:30,
txn_000498,cust_0192,prod_013,1,299900,INR,CAPTURED,wallet,1,2026-07-05T17:26:20+05:30,2026-07-05T17:26:20+05:30,
txn_000499,cust_0192,prod_015,1,19900,INR,CAPTURED,upi,1,2026-06-01T18:06:30+05:30,2026-06-01T18:06:30+05:30,
txn_000500,cust_0193,prod_014,1,899900,INR,CAPTURED,wallet,1,2026-08-10T12:23:05+05:30,2026-08-10T12:23:05+05:30,
txn_000501,cust_0193,prod_013,1,299900,INR,CAPTURED,card,1,2026-08-28T21:00:59+05:30,2026-08-28T21:00:59+05:30,
txn_000502,cust_0193,prod_017,1,449900,INR,CAPTURED,upi,1,2026-07-08T20:17:31+05:30,2026-07-08T20:17:31+05:30,
txn_000503,cust_0193,prod_014,1,899900,INR,CAPTURED,wallet,1,2026-07-31T05:15:54+05:30,2026-07-31T05:15:54+05:30,
txn_000504,cust_0193,prod_013,1,299900,INR,CAPTURED,wallet,1,2026-06-23T10:22:39+05:30,2026-06-23T10:22:39+05:30,
txn_000505,cust_0194,prod_002,1,149900,INR,CAPTURED,netbanking,1,2026-03-14T18:29:29+05:30,2026-03-14T18:29:29+05:30,
txn_000506,cust_0194,prod_001,1,49900,INR,REFUNDED,card,1,2026-05-29T20:58:46+05:30,2026-05-29T20:58:46+05:30,2026-06-10T20:58:46+05:30
txn_000507,cust_0194,prod_001,1,49900,INR,CAPTURED,upi,1,2026-05-13T09:03:13+05:30,2026-05-13T09:03:13+05:30,
txn_000508,cust_0194,prod_010,1,799900,INR,CAPTURED,card,1,2026-05-29T09:26:54+05:30,2026-05-29T09:26:54+05:30,
txn_000509,cust_0194,prod_013,2,599800,INR,CAPTURED,card,1,2026-03-23T18:26:28+05:30,2026-03-23T18:26:28+05:30,
txn_000510,cust_0195,prod_010,1,799900,INR,CAPTURED,netbanking,1,2026-07-29T15:50:44+05:30,2026-07-29T15:50:44+05:30,
txn_000511,cust_0195,prod_009,1,249900,INR,CAPTURED,wallet,1,2026-07-16T22:36:16+05:30,2026-07-16T22:36:16+05:30,
txn_000512,cust_0195,prod_011,1,2499900,INR,CAPTURED,wallet,1,2026-07-23T12:45:25+05:30,2026-07-23T12:45:25+05:30,
txn_000513,cust_0195,prod_012,3,19499700,INR,CAPTURED,upi,1,2026-04-21T19:28:02+05:30,2026-04-21T19:28:02+05:30,
txn_000514,cust_0196,prod_003,1,399900,INR,CAPTURED,card,1,2026-08-18T12:58:16+05:30,2026-08-18T12:58:16+05:30,
txn_000515,cust_0196,prod_010,1,799900,INR,CAPTURED,upi,1,2026-05-16T20:54:26+05:30,2026-05-16T20:54:26+05:30,
txn_000516,cust_0196,prod_001,3,149700,INR,CAPTURED,upi,1,2026-06-24T10:44:24+05:30,2026-06-24T10:44:24+05:30,
txn_000517,cust_0196,prod_014,1,899900,INR,CAPTURED,upi,1,2026-06-01T15:09:56+05:30,2026-06-01T15:09:56+05:30,
txn_000518,cust_0196,prod_014,1,899900,INR,CAPTURED,upi,1,2026-06-26T11:05:57+05:30,2026-06-26T11:05:57+05:30,
txn_000519,cust_0197,prod_013,3,899700,INR,CAPTURED,wallet,1,2026-03-11T14:55:35+05:30,2026-03-11T14:55:35+05:30,
txn_000520,cust_0197,prod_001,2,99800,INR,CAPTURED,wallet,1,2026-03-02T13:23:03+05:30,2026-03-02T13:23:03+05:30,
txn_000521,cust_0198,prod_008,1,129900,INR,CAPTURED,netbanking,1,2026-05-26T10:25:23+05:30,2026-05-26T10:25:23+05:30,
txn_000522,cust_0198,prod_003,1,399900,INR,CAPTURED,netbanking,1,2026-05-18T19:02:47+05:30,2026-05-18T19:02:47+05:30,
txn_000523,cust_0199,prod_003,1,399900,INR,CAPTURED,upi,1,2026-08-05T17:22:16+05:30,2026-08-05T17:22:16+05:30,
txn_000524,cust_0199,prod_001,1,49900,INR,CAPTURED,card,1,2026-03-10T13:03:56+05:30,2026-03-10T13:03:56+05:30,
txn_000525,cust_0199,prod_010,1,799900,INR,CAPTURED,upi,1,2026-03-25T10:21:09+05:30,2026-03-25T10:21:09+05:30,
txn_000526,cust_0199,prod_004,1,1499900,INR,CAPTURED,wallet,1,2026-06-18T20:35:05+05:30,2026-06-18T20:35:05+05:30,
txn_000527,cust_0199,prod_001,1,49900,INR,CAPTURED,netbanking,1,2026-07-31T15:48:37+05:30,2026-07-31T15:48:37+05:30,
txn_000528,cust_0200,prod_001,1,49900,INR,CAPTURED,wallet,1,2026-04-15T21:49:43+05:30,2026-04-15T21:49:43+05:30,
txn_000529,cust_0200,prod_016,3,44700,INR,CAPTURED,upi,1,2026-06-01T14:06:38+05:30,2026-06-01T14:06:38+05:30,
txn_000530,cust_0201,prod_007,1,79900,INR,CAPTURED,upi,1,2026-03-22T11:07:57+05:30,2026-03-22T11:07:57+05:30,
txn_000531,cust_0201,prod_009,1,249900,INR,CAPTURED,netbanking,1,2026-05-26T11:56:43+05:30,2026-05-26T11:56:43+05:30,
txn_000532,cust_0201,prod_014,2,1799800,INR,CAPTURED,upi,1,2026-07-31T18:17:31+05:30,2026-07-31T18:17:31+05:30,
txn_000533,cust_0202,prod_008,1,129900,INR,CAPTURED,upi,1,2026-06-29T12:42:21+05:30,2026-06-29T12:42:21+05:30,
txn_000534,cust_0203,prod_013,1,299900,INR,CAPTURED,netbanking,1,2026-03-23T19:27:16+05:30,2026-03-23T19:27:16+05:30,
txn_000535,cust_0203,prod_008,1,129900,INR,CAPTURED,wallet,1,2026-06-03T08:42:52+05:30,2026-06-03T08:42:52+05:30,
txn_000536,cust_0204,prod_005,1,3999900,INR,CAPTURED,wallet,1,2026-08-05T15:17:29+05:30,2026-08-05T15:17:29+05:30,
txn_000537,cust_0204,prod_005,1,3999900,INR,CAPTURED,wallet,1,2026-05-15T14:05:29+05:30,2026-05-15T14:05:29+05:30,
txn_000538,cust_0204,prod_014,1,899900,INR,CAPTURED,wallet,1,2026-05-28T11:25:37+05:30,2026-05-28T11:25:37+05:30,
txn_000539,cust_0204,prod_018,1,1199900,INR,CAPTURED,wallet,1,2026-03-07T18:43:28+05:30,2026-03-07T18:43:28+05:30,
txn_000540,cust_0204,prod_013,1,299900,INR,CAPTURED,card,1,2026-03-26T18:55:07+05:30,2026-03-26T18:55:07+05:30,
txn_000541,cust_0204,prod_013,1,299900,INR,CAPTURED,wallet,1,2026-08-02T13:15:09+05:30,2026-08-02T13:15:09+05:30,
txn_000542,cust_0204,prod_006,1,8999900,INR,CAPTURED,card,1,2026-05-21T21:32:34+05:30,2026-05-21T21:32:34+05:30,
txn_000543,cust_0204,prod_011,1,2499900,INR,CAPTURED,netbanking,1,2026-08-28T09:48:47+05:30,2026-08-28T09:48:47+05:30,
txn_000544,cust_0206,prod_001,3,149700,INR,CAPTURED,card,1,2026-07-24T16:42:18+05:30,2026-07-24T16:42:18+05:30,
txn_000545,cust_0206,prod_013,1,299900,INR,CAPTURED,upi,1,2026-08-04T20:13:50+05:30,2026-08-04T20:13:50+05:30,
txn_000546,cust_0206,prod_018,2,2399800,INR,CAPTURED,card,1,2026-04-03T21:09:42+05:30,2026-04-03T21:09:42+05:30,
txn_000547,cust_0206,prod_008,2,259800,INR,CAPTURED,wallet,1,2026-04-02T17:11:27+05:30,2026-04-02T17:11:27+05:30,
txn_000548,cust_0208,prod_003,1,399900,INR,CAPTURED,netbanking,1,2026-05-18T17:15:53+05:30,2026-05-18T17:15:53+05:30,
txn_000549,cust_0209,prod_009,3,749700,INR,CAPTURED,card,1,2026-03-19T23:41:07+05:30,2026-03-19T23:41:07+05:30,
txn_000550,cust_0210,prod_017,2,899800,INR,CAPTURED,upi,1,2026-06-17T11:44:38+05:30,2026-06-17T11:44:38+05:30,
txn_000551,cust_0210,prod_002,1,149900,INR,CAPTURED,netbanking,1,2026-08-01T19:43:11+05:30,2026-08-01T19:43:11+05:30,
txn_000552,cust_0210,prod_011,1,2499900,INR,CAPTURED,card,1,2026-08-06T17:22:52+05:30,2026-08-06T17:22:52+05:30,
txn_000553,cust_0210,prod_003,1,399900,INR,CAPTURED,netbanking,1,2026-06-24T14:29:12+05:30,2026-06-24T14:29:12+05:30,
txn_000554,cust_0210,prod_010,1,799900,INR,CAPTURED,netbanking,1,2026-08-21T09:26:28+05:30,2026-08-21T09:26:28+05:30,
txn_000555,cust_0211,prod_003,1,399900,INR,CAPTURED,wallet,1,2026-04-26T03:40:04+05:30,2026-04-26T03:40:04+05:30,
txn_000556,cust_0211,prod_008,1,129900,INR,CAPTURED,wallet,1,2026-03-05T18:07:23+05:30,2026-03-05T18:07:23+05:30,
txn_000557,cust_0214,prod_009,1,249900,INR,CAPTURED,netbanking,1,2026-08-05T03:40:08+05:30,2026-08-05T03:40:08+05:30,
txn_000558,cust_0214,prod_003,1,399900,INR,CAPTURED,card,1,2026-06-25T07:05:40+05:30,2026-06-25T07:05:40+05:30,
txn_000559,cust_0214,prod_001,1,49900,INR,CAPTURED,wallet,1,2026-07-31T16:48:36+05:30,2026-07-31T16:48:36+05:30,
txn_000560,cust_0215,prod_002,1,149900,INR,CAPTURED,wallet,1,2026-08-15T16:19:09+05:30,2026-08-15T16:19:09+05:30,
txn_000561,cust_0215,prod_018,3,3599700,INR,CAPTURED,netbanking,1,2026-03-27T12:23:46+05:30,2026-03-27T12:23:46+05:30,
txn_000562,cust_0216,prod_002,1,149900,INR,CAPTURED,netbanking,1,2026-06-13T20:33:24+05:30,2026-06-13T20:33:24+05:30,
txn_000563,cust_0217,prod_009,1,249900,INR,CAPTURED,wallet,1,2026-08-05T15:41:09+05:30,2026-08-05T15:41:09+05:30,
txn_000564,cust_0217,prod_001,3,149700,INR,CAPTURED,card,1,2026-08-19T19:28:38+05:30,2026-08-19T19:28:38+05:30,
txn_000565,cust_0217,prod_013,1,299900,INR,CAPTURED,upi,1,2026-04-27T17:49:40+05:30,2026-04-27T17:49:40+05:30,
txn_000566,cust_0217,prod_002,3,449700,INR,CAPTURED,netbanking,1,2026-08-05T09:07:18+05:30,2026-08-05T09:07:18+05:30,
txn_000567,cust_0218,prod_001,1,49900,INR,CAPTURED,upi,1,2026-07-22T06:01:00+05:30,2026-07-22T06:01:00+05:30,
txn_000568,cust_0219,prod_009,3,749700,INR,CAPTURED,upi,1,2026-03-19T12:19:56+05:30,2026-03-19T12:19:56+05:30,
txn_000569,cust_0219,prod_001,1,49900,INR,CAPTURED,netbanking,1,2026-08-04T12:03:37+05:30,2026-08-04T12:03:37+05:30,
txn_000570,cust_0221,prod_009,1,249900,INR,CAPTURED,upi,1,2026-03-09T13:29:48+05:30,2026-03-09T13:29:48+05:30,
txn_000571,cust_0221,prod_010,1,799900,INR,CAPTURED,upi,1,2026-09-01T22:48:22+05:30,2026-09-01T22:48:22+05:30,
txn_000572,cust_0224,prod_013,1,299900,INR,CAPTURED,netbanking,1,2026-08-26T19:34:19+05:30,2026-08-26T19:34:19+05:30,
txn_000573,cust_0226,prod_003,1,399900,INR,CAPTURED,card,1,2026-06-18T18:57:21+05:30,2026-06-18T18:57:21+05:30,
txn_000574,cust_0226,prod_002,1,149900,INR,CAPTURED,upi,1,2026-04-17T10:54:57+05:30,2026-04-17T10:54:57+05:30,
txn_000575,cust_0228,prod_016,1,14900,INR,CAPTURED,card,1,2026-05-15T19:37:07+05:30,2026-05-15T19:37:07+05:30,
txn_000576,cust_0229,prod_004,1,1499900,INR,CAPTURED,card,1,2026-07-08T19:37:48+05:30,2026-07-08T19:37:48+05:30,
txn_000577,cust_0229,prod_018,1,1199900,INR,CAPTURED,upi,1,2026-06-30T19:25:04+05:30,2026-06-30T19:25:04+05:30,
txn_000578,cust_0229,prod_010,1,799900,INR,CAPTURED,upi,1,2026-05-03T12:10:38+05:30,2026-05-03T12:10:38+05:30,
txn_000579,cust_0229,prod_002,1,149900,INR,CAPTURED,upi,1,2026-04-04T14:30:34+05:30,2026-04-04T14:30:34+05:30,
txn_000580,cust_0229,prod_001,1,49900,INR,CAPTURED,wallet,1,2026-08-21T09:04:38+05:30,2026-08-21T09:04:38+05:30,
txn_000581,cust_0230,prod_016,1,14900,INR,CAPTURED,card,1,2026-06-12T17:30:27+05:30,2026-06-12T17:30:27+05:30,
txn_000582,cust_0230,prod_008,1,129900,INR,CAPTURED,wallet,1,2026-06-03T15:10:30+05:30,2026-06-03T15:10:30+05:30,
txn_000583,cust_0231,prod_012,1,6499900,INR,CAPTURED,wallet,1,2026-06-03T21:00:34+05:30,2026-06-03T21:00:34+05:30,
txn_000584,cust_0231,prod_004,3,4499700,INR,CAPTURED,wallet,1,2026-06-24T10:22:11+05:30,2026-06-24T10:22:11+05:30,
txn_000585,cust_0231,prod_013,1,299900,INR,CAPTURED,wallet,1,2026-05-26T16:53:23+05:30,2026-05-26T16:53:23+05:30,
txn_000586,cust_0231,prod_006,1,8999900,INR,CAPTURED,netbanking,1,2026-08-23T15:20:50+05:30,2026-08-23T15:20:50+05:30,
txn_000587,cust_0231,prod_003,1,399900,INR,CAPTURED,card,1,2026-09-01T16:30:16+05:30,2026-09-01T16:30:16+05:30,
txn_000588,cust_0231,prod_010,1,799900,INR,CAPTURED,netbanking,1,2026-09-01T14:11:15+05:30,2026-09-01T14:11:15+05:30,
txn_000589,cust_0231,prod_009,1,249900,INR,CAPTURED,netbanking,1,2026-03-31T18:48:41+05:30,2026-03-31T18:48:41+05:30,
txn_000590,cust_0232,prod_009,1,249900,INR,CAPTURED,netbanking,1,2026-07-16T10:18:31+05:30,2026-07-16T10:18:31+05:30,
txn_000591,cust_0232,prod_013,1,299900,INR,CAPTURED,card,1,2026-07-11T15:43:58+05:30,2026-07-11T15:43:58+05:30,
txn_000592,cust_0234,prod_002,2,299800,INR,CAPTURED,wallet,1,2026-05-31T12:19:36+05:30,2026-05-31T12:19:36+05:30,
txn_000593,cust_0234,prod_013,1,299900,INR,CAPTURED,netbanking,1,2026-05-06T13:23:02+05:30,2026-05-06T13:23:02+05:30,
txn_000594,cust_0234,prod_008,1,129900,INR,CAPTURED,netbanking,1,2026-06-10T13:02:44+05:30,2026-06-10T13:02:44+05:30,
txn_000595,cust_0234,prod_001,2,99800,INR,CAPTURED,card,1,2026-07-10T11:21:07+05:30,2026-07-10T11:21:07+05:30,
txn_000596,cust_0235,prod_009,1,249900,INR,CAPTURED,netbanking,1,2026-07-17T10:33:42+05:30,2026-07-17T10:33:42+05:30,
txn_000597,cust_0235,prod_009,1,249900,INR,CAPTURED,netbanking,1,2026-05-19T11:13:01+05:30,2026-05-19T11:13:01+05:30,
txn_000598,cust_0235,prod_013,1,299900,INR,CAPTURED,upi,1,2026-08-28T14:22:33+05:30,2026-08-28T14:22:33+05:30,
txn_000599,cust_0235,prod_008,1,129900,INR,CAPTURED,card,1,2026-03-06T18:27:22+05:30,2026-03-06T18:27:22+05:30,
txn_000600,cust_0235,prod_010,1,799900,INR,CAPTURED,netbanking,1,2026-07-11T12:08:12+05:30,2026-07-11T12:08:12+05:30,
txn_000601,cust_0236,prod_010,1,799900,INR,CAPTURED,card,1,2026-03-18T16:50:39+05:30,2026-03-18T16:50:39+05:30,
txn_000602,cust_0236,prod_017,1,449900,INR,CAPTURED,upi,1,2026-05-01T18:06:40+05:30,2026-05-01T18:06:40+05:30,
txn_000603,cust_0236,prod_002,1,149900,INR,CAPTURED,wallet,1,2026-05-28T14:58:28+05:30,2026-05-28T14:58:28+05:30,
txn_000604,cust_0236,prod_018,1,1199900,INR,CAPTURED,netbanking,1,2026-06-16T09:16:50+05:30,2026-06-16T09:16:50+05:30,
txn_000605,cust_0236,prod_001,1,49900,INR,CAPTURED,upi,1,2026-05-07T22:10:26+05:30,2026-05-07T22:10:26+05:30,
txn_000606,cust_0237,prod_008,1,129900,INR,CAPTURED,upi,1,2026-08-13T16:08:47+05:30,2026-08-13T16:08:47+05:30,
txn_000607,cust_0237,prod_018,1,1199900,INR,CAPTURED,upi,1,2026-08-03T19:25:49+05:30,2026-08-03T19:25:49+05:30,
txn_000608,cust_0237,prod_004,1,1499900,INR,CAPTURED,netbanking,1,2026-04-05T07:03:19+05:30,2026-04-05T07:03:19+05:30,
txn_000609,cust_0237,prod_010,1,799900,INR,CAPTURED,upi,1,2026-08-17T09:12:04+05:30,2026-08-17T09:12:04+05:30,
txn_000610,cust_0237,prod_001,1,49900,INR,CAPTURED,netbanking,1,2026-05-26T17:30:50+05:30,2026-05-26T17:30:50+05:30,
txn_000611,cust_0238,prod_003,1,399900,INR,CAPTURED,card,1,2026-03-07T21:51:51+05:30,2026-03-07T21:51:51+05:30,
txn_000612,cust_0238,prod_003,1,399900,INR,CAPTURED,card,1,2026-08-22T18:06:21+05:30,2026-08-22T18:06:21+05:30,
txn_000613,cust_0239,prod_007,1,79900,INR,CAPTURED,netbanking,1,2026-08-30T13:12:35+05:30,2026-08-30T13:12:35+05:30,
txn_000614,cust_0239,prod_004,1,1499900,INR,CAPTURED,netbanking,1,2026-05-06T13:23:32+05:30,2026-05-06T13:23:32+05:30,
txn_000615,cust_0242,prod_015,1,19900,INR,CAPTURED,wallet,1,2026-07-23T09:56:35+05:30,2026-07-23T09:56:35+05:30,
txn_000616,cust_0243,prod_009,1,249900,INR,CAPTURED,netbanking,1,2026-08-18T11:05:25+05:30,2026-08-18T11:05:25+05:30,
txn_000617,cust_0243,prod_008,1,129900,INR,CAPTURED,netbanking,1,2026-05-14T10:57:03+05:30,2026-05-14T10:57:03+05:30,
txn_000618,cust_0243,prod_007,1,79900,INR,CAPTURED,wallet,1,2026-07-08T08:24:42+05:30,2026-07-08T08:24:42+05:30,
txn_000619,cust_0243,prod_001,1,49900,INR,CAPTURED,card,1,2026-03-20T19:09:16+05:30,2026-03-20T19:09:16+05:30,
txn_000620,cust_0243,prod_008,1,129900,INR,CAPTURED,netbanking,1,2026-05-20T18:23:44+05:30,2026-05-20T18:23:44+05:30,
txn_000621,cust_0244,prod_016,1,14900,INR,CAPTURED,wallet,1,2026-05-31T10:19:32+05:30,2026-05-31T10:19:32+05:30,
txn_000622,cust_0245,prod_015,1,19900,INR,CAPTURED,wallet,1,2026-03-10T14:38:26+05:30,2026-03-10T14:38:26+05:30,
txn_000623,cust_0247,prod_013,1,299900,INR,CAPTURED,upi,1,2026-05-02T15:04:52+05:30,2026-05-02T15:04:52+05:30,
txn_000624,cust_0247,prod_003,1,399900,INR,CAPTURED,upi,1,2026-03-22T21:51:48+05:30,2026-03-22T21:51:48+05:30,
txn_000625,cust_0249,prod_002,1,149900,INR,CAPTURED,card,1,2026-07-27T13:05:15+05:30,2026-07-27T13:05:15+05:30,
txn_000626,cust_0251,prod_007,1,79900,INR,CAPTURED,upi,1,2026-08-25T13:13:43+05:30,2026-08-25T13:13:43+05:30,
txn_000627,cust_0253,prod_017,1,449900,INR,CAPTURED,upi,1,2026-05-01T13:40:53+05:30,2026-05-01T13:40:53+05:30,
txn_000628,cust_0253,prod_002,3,449700,INR,CAPTURED,upi,1,2026-05-25T15:32:45+05:30,2026-05-25T15:32:45+05:30,
txn_000629,cust_0253,prod_002,1,149900,INR,REFUNDED,wallet,1,2026-04-01T19:19:05+05:30,2026-04-01T19:19:05+05:30,2026-04-16T19:19:05+05:30
txn_000630,cust_0253,prod_014,1,899900,INR,CAPTURED,upi,1,2026-04-13T20:23:25+05:30,2026-04-13T20:23:25+05:30,
txn_000631,cust_0254,prod_008,1,129900,INR,CAPTURED,card,1,2026-05-18T18:37:42+05:30,2026-05-18T18:37:42+05:30,
txn_000632,cust_0255,prod_014,1,899900,INR,CAPTURED,netbanking,1,2026-04-28T10:16:29+05:30,2026-04-28T10:16:29+05:30,
txn_000633,cust_0255,prod_009,1,249900,INR,CAPTURED,upi,1,2026-03-26T16:09:11+05:30,2026-03-26T16:09:11+05:30,
txn_000634,cust_0255,prod_017,1,449900,INR,CAPTURED,upi,1,2026-06-27T22:57:25+05:30,2026-06-27T22:57:25+05:30,
txn_000635,cust_0255,prod_002,1,149900,INR,CAPTURED,upi,1,2026-08-21T15:05:44+05:30,2026-08-21T15:05:44+05:30,
txn_000636,cust_0255,prod_013,1,299900,INR,CAPTURED,netbanking,1,2026-04-13T16:02:12+05:30,2026-04-13T16:02:12+05:30,
txn_000637,cust_0256,prod_009,1,249900,INR,CAPTURED,card,1,2026-03-11T16:12:06+05:30,2026-03-11T16:12:06+05:30,
txn_000638,cust_0256,prod_003,1,399900,INR,CAPTURED,wallet,1,2026-07-01T22:29:52+05:30,2026-07-01T22:29:52+05:30,
txn_000639,cust_0257,prod_007,1,79900,INR,CAPTURED,netbanking,1,2026-05-01T11:32:05+05:30,2026-05-01T11:32:05+05:30,
txn_000640,cust_0257,prod_003,1,399900,INR,CAPTURED,netbanking,1,2026-05-07T17:40:08+05:30,2026-05-07T17:40:08+05:30,
txn_000641,cust_0258,prod_016,1,14900,INR,CAPTURED,wallet,1,2026-07-19T17:04:18+05:30,2026-07-19T17:04:18+05:30,
txn_000642,cust_0258,prod_001,1,49900,INR,CAPTURED,upi,1,2026-04-10T12:26:41+05:30,2026-04-10T12:26:41+05:30,
txn_000643,cust_0259,prod_014,1,899900,INR,CAPTURED,netbanking,1,2026-07-29T09:39:00+05:30,2026-07-29T09:39:00+05:30,
txn_000644,cust_0259,prod_013,1,299900,INR,CAPTURED,netbanking,1,2026-06-12T16:00:07+05:30,2026-06-12T16:00:07+05:30,
txn_000645,cust_0259,prod_018,1,1199900,INR,CAPTURED,upi,1,2026-07-09T22:48:48+05:30,2026-07-09T22:48:48+05:30,
txn_000646,cust_0259,prod_009,3,749700,INR,CAPTURED,upi,1,2026-06-12T12:43:50+05:30,2026-06-12T12:43:50+05:30,
txn_000647,cust_0259,prod_008,1,129900,INR,CAPTURED,upi,1,2026-04-15T12:57:23+05:30,2026-04-15T12:57:23+05:30,
txn_000648,cust_0260,prod_010,1,799900,INR,CAPTURED,wallet,1,2026-06-25T15:54:31+05:30,2026-06-25T15:54:31+05:30,
txn_000649,cust_0260,prod_012,1,6499900,INR,CAPTURED,netbanking,1,2026-08-14T14:58:36+05:30,2026-08-14T14:58:36+05:30,
txn_000650,cust_0260,prod_002,1,149900,INR,CAPTURED,card,1,2026-08-31T19:40:37+05:30,2026-08-31T19:40:37+05:30,
txn_000651,cust_0260,prod_005,1,3999900,INR,CAPTURED,wallet,1,2026-06-09T17:04:31+05:30,2026-06-09T17:04:31+05:30,
txn_000652,cust_0261,prod_016,1,14900,INR,CAPTURED,netbanking,1,2026-05-14T18:55:55+05:30,2026-05-14T18:55:55+05:30,
txn_000653,cust_0261,prod_007,1,79900,INR,CAPTURED,upi,1,2026-06-10T18:38:24+05:30,2026-06-10T18:38:24+05:30,
txn_000654,cust_0264,prod_005,1,3999900,INR,CAPTURED,wallet,1,2026-07-19T18:22:33+05:30,2026-07-19T18:22:33+05:30,
txn_000655,cust_0264,prod_012,1,6499900,INR,CAPTURED,card,1,2026-08-12T18:10:17+05:30,2026-08-12T18:10:17+05:30,
txn_000656,cust_0264,prod_005,1,3999900,INR,CAPTURED,upi,1,2026-07-04T08:09:05+05:30,2026-07-04T08:09:05+05:30,
txn_000657,cust_0264,prod_006,1,8999900,INR,CAPTURED,netbanking,1,2026-06-05T21:15:34+05:30,2026-06-05T21:15:34+05:30,
txn_000658,cust_0264,prod_005,1,3999900,INR,CAPTURED,upi,1,2026-07-27T16:12:06+05:30,2026-07-27T16:12:06+05:30,
txn_000659,cust_0264,prod_003,1,399900,INR,CAPTURED,wallet,1,2026-04-17T09:17:12+05:30,2026-04-17T09:17:12+05:30,
txn_000660,cust_0265,prod_001,1,49900,INR,CAPTURED,card,1,2026-03-09T21:28:28+05:30,2026-03-09T21:28:28+05:30,
txn_000661,cust_0265,prod_014,1,899900,INR,CAPTURED,upi,1,2026-09-01T17:23:31+05:30,2026-09-01T17:23:31+05:30,
txn_000662,cust_0265,prod_017,1,449900,INR,CAPTURED,wallet,1,2026-07-01T12:48:34+05:30,2026-07-01T12:48:34+05:30,
txn_000663,cust_0265,prod_008,1,129900,INR,CAPTURED,netbanking,1,2026-07-31T12:32:31+05:30,2026-07-31T12:32:31+05:30,
txn_000664,cust_0265,prod_018,1,1199900,INR,CAPTURED,netbanking,1,2026-08-19T10:48:11+05:30,2026-08-19T10:48:11+05:30,
txn_000665,cust_0266,prod_010,1,799900,INR,CAPTURED,netbanking,1,2026-08-22T22:11:34+05:30,2026-08-22T22:11:34+05:30,
txn_000666,cust_0266,prod_012,1,6499900,INR,CAPTURED,netbanking,1,2026-04-16T13:00:22+05:30,2026-04-16T13:00:22+05:30,
txn_000667,cust_0266,prod_004,1,1499900,INR,CAPTURED,card,1,2026-08-15T22:57:23+05:30,2026-08-15T22:57:23+05:30,
txn_000668,cust_0266,prod_017,1,449900,INR,CAPTURED,netbanking,1,2026-05-09T12:11:51+05:30,2026-05-09T12:11:51+05:30,
txn_000669,cust_0266,prod_009,2,499800,INR,CAPTURED,card,1,2026-03-05T13:11:07+05:30,2026-03-05T13:11:07+05:30,
txn_000670,cust_0266,prod_002,1,149900,INR,CAPTURED,wallet,1,2026-08-13T21:31:55+05:30,2026-08-13T21:31:55+05:30,
txn_000671,cust_0266,prod_013,1,299900,INR,CAPTURED,wallet,1,2026-04-29T10:19:15+05:30,2026-04-29T10:19:15+05:30,
txn_000672,cust_0267,prod_014,1,899900,INR,CAPTURED,netbanking,1,2026-07-15T12:43:50+05:30,2026-07-15T12:43:50+05:30,
txn_000673,cust_0267,prod_004,1,1499900,INR,CAPTURED,wallet,1,2026-08-13T18:55:24+05:30,2026-08-13T18:55:24+05:30,
txn_000674,cust_0267,prod_003,1,399900,INR,CAPTURED,card,1,2026-08-12T20:37:59+05:30,2026-08-12T20:37:59+05:30,
txn_000675,cust_0267,prod_009,1,249900,INR,CAPTURED,netbanking,1,2026-07-27T12:29:01+05:30,2026-07-27T12:29:01+05:30,
txn_000676,cust_0268,prod_007,1,79900,INR,CAPTURED,card,1,2026-03-26T13:59:17+05:30,2026-03-26T13:59:17+05:30,
txn_000677,cust_0268,prod_009,1,249900,INR,CAPTURED,card,1,2026-08-04T16:20:03+05:30,2026-08-04T16:20:03+05:30,
txn_000678,cust_0269,prod_018,1,1199900,INR,CAPTURED,netbanking,1,2026-03-07T17:43:12+05:30,2026-03-07T17:43:12+05:30,
txn_000679,cust_0269,prod_008,1,129900,INR,CAPTURED,netbanking,1,2026-05-08T17:51:32+05:30,2026-05-08T17:51:32+05:30,
txn_000680,cust_0270,prod_014,1,899900,INR,CAPTURED,wallet,1,2026-06-16T15:00:07+05:30,2026-06-16T15:00:07+05:30,
txn_000681,cust_0270,prod_004,1,1499900,INR,CAPTURED,upi,1,2026-06-10T10:51:49+05:30,2026-06-10T10:51:49+05:30,
txn_000682,cust_0270,prod_018,1,1199900,INR,CAPTURED,upi,1,2026-08-14T16:16:24+05:30,2026-08-14T16:16:24+05:30,
txn_000683,cust_0271,prod_013,1,299900,INR,CAPTURED,wallet,1,2026-03-03T09:48:01+05:30,2026-03-03T09:48:01+05:30,
txn_000684,cust_0271,prod_009,1,249900,INR,CAPTURED,netbanking,1,2026-07-08T14:00:55+05:30,2026-07-08T14:00:55+05:30,
txn_000685,cust_0271,prod_011,1,2499900,INR,CAPTURED,upi,1,2026-06-28T13:15:34+05:30,2026-06-28T13:15:34+05:30,
txn_000686,cust_0271,prod_011,1,2499900,INR,CAPTURED,card,1,2026-06-21T09:11:24+05:30,2026-06-21T09:11:24+05:30,
txn_000687,cust_0271,prod_004,2,2999800,INR,CAPTURED,card,1,2026-07-17T17:34:58+05:30,2026-07-17T17:34:58+05:30,
txn_000688,cust_0271,prod_009,1,249900,INR,CAPTURED,upi,1,2026-05-09T10:43:09+05:30,2026-05-09T10:43:09+05:30,
txn_000689,cust_0273,prod_013,1,299900,INR,CAPTURED,card,1,2026-03-04T16:09:06+05:30,2026-03-04T16:09:06+05:30,
txn_000690,cust_0273,prod_013,1,299900,INR,CAPTURED,wallet,1,2026-07-22T14:56:23+05:30,2026-07-22T14:56:23+05:30,
txn_000691,cust_0274,prod_014,1,899900,INR,CAPTURED,upi,1,2026-03-15T21:15:37+05:30,2026-03-15T21:15:37+05:30,
txn_000692,cust_0274,prod_005,1,3999900,INR,CAPTURED,netbanking,1,2026-05-02T15:27:25+05:30,2026-05-02T15:27:25+05:30,
txn_000693,cust_0274,prod_010,1,799900,INR,CAPTURED,upi,1,2026-04-16T19:16:50+05:30,2026-04-16T19:16:50+05:30,
txn_000694,cust_0274,prod_011,1,2499900,INR,CAPTURED,wallet,1,2026-06-03T09:16:32+05:30,2026-06-03T09:16:32+05:30,
txn_000695,cust_0275,prod_009,1,249900,INR,CAPTURED,wallet,1,2026-07-19T06:48:01+05:30,2026-07-19T06:48:01+05:30,
txn_000696,cust_0275,prod_008,1,129900,INR,CAPTURED,upi,1,2026-07-31T22:39:14+05:30,2026-07-31T22:39:14+05:30,
txn_000697,cust_0278,prod_008,1,129900,INR,CAPTURED,upi,1,2026-04-25T13:00:26+05:30,2026-04-25T13:00:26+05:30,
txn_000698,cust_0278,prod_002,1,149900,INR,CAPTURED,card,1,2026-03-04T19:10:34+05:30,2026-03-04T19:10:34+05:30,
txn_000699,cust_0279,prod_008,1,129900,INR,CAPTURED,upi,1,2026-08-12T18:44:27+05:30,2026-08-12T18:44:27+05:30,
txn_000700,cust_0279,prod_016,1,14900,INR,CAPTURED,wallet,1,2026-04-06T20:15:34+05:30,2026-04-06T20:15:34+05:30,
txn_000701,cust_0281,prod_001,1,49900,INR,CAPTURED,netbanking,1,2026-06-03T19:27:25+05:30,2026-06-03T19:27:25+05:30,
txn_000702,cust_0281,prod_013,1,299900,INR,CAPTURED,netbanking,1,2026-08-03T08:13:18+05:30,2026-08-03T08:13:18+05:30,
txn_000703,cust_0281,prod_018,1,1199900,INR,CAPTURED,card,1,2026-05-19T11:00:54+05:30,2026-05-19T11:00:54+05:30,
txn_000704,cust_0281,prod_018,2,2399800,INR,CAPTURED,wallet,1,2026-06-08T20:13:15+05:30,2026-06-08T20:13:15+05:30,
txn_000705,cust_0281,prod_002,1,149900,INR,CAPTURED,card,1,2026-06-24T12:53:45+05:30,2026-06-24T12:53:45+05:30,
txn_000706,cust_0282,prod_002,1,149900,INR,CAPTURED,card,1,2026-04-06T10:49:06+05:30,2026-04-06T10:49:06+05:30,
txn_000707,cust_0282,prod_003,1,399900,INR,CAPTURED,card,1,2026-07-22T16:42:26+05:30,2026-07-22T16:42:26+05:30,
txn_000708,cust_0283,prod_013,1,299900,INR,CAPTURED,upi,1,2026-05-18T17:51:01+05:30,2026-05-18T17:51:01+05:30,
txn_000709,cust_0283,prod_013,2,599800,INR,CAPTURED,wallet,1,2026-03-25T17:02:00+05:30,2026-03-25T17:02:00+05:30,
txn_000710,cust_0283,prod_003,1,399900,INR,CAPTURED,card,1,2026-04-17T08:08:07+05:30,2026-04-17T08:08:07+05:30,
txn_000711,cust_0283,prod_017,3,1349700,INR,CAPTURED,card,1,2026-03-25T18:44:58+05:30,2026-03-25T18:44:58+05:30,
txn_000712,cust_0284,prod_013,1,299900,INR,CAPTURED,card,1,2026-07-18T15:23:18+05:30,2026-07-18T15:23:18+05:30,
txn_000713,cust_0285,prod_002,1,149900,INR,CAPTURED,upi,1,2026-07-17T12:12:33+05:30,2026-07-17T12:12:33+05:30,
txn_000714,cust_0285,prod_013,1,299900,INR,CAPTURED,wallet,1,2026-06-20T10:45:44+05:30,2026-06-20T10:45:44+05:30,
txn_000715,cust_0285,prod_014,1,899900,INR,CAPTURED,upi,1,2026-05-30T16:49:31+05:30,2026-05-30T16:49:31+05:30,
txn_000716,cust_0285,prod_004,1,1499900,INR,CAPTURED,netbanking,1,2026-08-14T14:29:51+05:30,2026-08-14T14:29:51+05:30,
txn_000717,cust_0286,prod_008,1,129900,INR,CAPTURED,card,1,2026-06-28T15:36:03+05:30,2026-06-28T15:36:03+05:30,
txn_000718,cust_0287,prod_013,1,299900,INR,CAPTURED,netbanking,1,2026-07-10T14:06:10+05:30,2026-07-10T14:06:10+05:30,
txn_000719,cust_0287,prod_003,1,399900,INR,CAPTURED,wallet,1,2026-03-30T10:34:31+05:30,2026-03-30T10:34:31+05:30,
txn_000720,cust_0287,prod_004,1,1499900,INR,CAPTURED,netbanking,1,2026-08-01T15:59:28+05:30,2026-08-01T15:59:28+05:30,
txn_000721,cust_0288,prod_007,3,239700,INR,REFUNDED,card,1,2026-06-24T18:39:13+05:30,2026-06-24T18:39:13+05:30,2026-07-01T18:39:13+05:30
txn_000722,cust_0289,prod_013,1,299900,INR,CAPTURED,upi,1,2026-07-20T17:55:31+05:30,2026-07-20T17:55:31+05:30,
txn_000723,cust_0290,prod_017,3,1349700,INR,CAPTURED,wallet,1,2026-07-10T19:47:18+05:30,2026-07-10T19:47:18+05:30,
txn_000724,cust_0290,prod_012,2,12999800,INR,CAPTURED,netbanking,1,2026-08-22T12:51:55+05:30,2026-08-22T12:51:55+05:30,
txn_000725,cust_0290,prod_002,1,149900,INR,CAPTURED,netbanking,1,2026-08-11T20:11:22+05:30,2026-08-11T20:11:22+05:30,
txn_000726,cust_0290,prod_005,1,3999900,INR,CAPTURED,card,1,2026-06-16T16:08:54+05:30,2026-06-16T16:08:54+05:30,
txn_000727,cust_0290,prod_006,1,8999900,INR,CAPTURED,wallet,1,2026-03-25T14:51:35+05:30,2026-03-25T14:51:35+05:30,
txn_000728,cust_0290,prod_011,2,4999800,INR,CAPTURED,netbanking,1,2026-06-22T10:10:48+05:30,2026-06-22T10:10:48+05:30,
txn_000729,cust_0290,prod_004,1,1499900,INR,CAPTURED,wallet,1,2026-07-04T04:56:40+05:30,2026-07-04T04:56:40+05:30,
txn_000730,cust_0291,prod_018,1,1199900,INR,CAPTURED,upi,1,2026-08-18T18:07:40+05:30,2026-08-18T18:07:40+05:30,
txn_000731,cust_0291,prod_008,1,129900,INR,CAPTURED,card,1,2026-05-07T17:56:06+05:30,2026-05-07T17:56:06+05:30,
txn_000732,cust_0291,prod_017,1,449900,INR,CAPTURED,wallet,1,2026-05-08T15:42:42+05:30,2026-05-08T15:42:42+05:30,
txn_000733,cust_0292,prod_006,1,8999900,INR,CAPTURED,upi,1,2026-03-20T21:16:58+05:30,2026-03-20T21:16:58+05:30,
txn_000734,cust_0292,prod_013,2,599800,INR,CAPTURED,netbanking,1,2026-05-04T20:44:51+05:30,2026-05-04T20:44:51+05:30,
txn_000735,cust_0292,prod_006,1,8999900,INR,CAPTURED,wallet,1,2026-08-24T17:59:45+05:30,2026-08-24T17:59:45+05:30,
txn_000736,cust_0292,prod_006,1,8999900,INR,CAPTURED,netbanking,1,2026-07-21T21:00:20+05:30,2026-07-21T21:00:20+05:30,
txn_000737,cust_0292,prod_013,1,299900,INR,CAPTURED,card,1,2026-07-21T20:54:44+05:30,2026-07-21T20:54:44+05:30,
txn_000738,cust_0292,prod_009,2,499800,INR,CAPTURED,upi,1,2026-05-03T14:43:32+05:30,2026-05-03T14:43:32+05:30,
txn_000739,cust_0292,prod_013,1,299900,INR,CAPTURED,upi,1,2026-06-02T12:48:58+05:30,2026-06-02T12:48:58+05:30,
txn_000740,cust_0294,prod_010,1,799900,INR,CAPTURED,card,1,2026-03-26T13:50:17+05:30,2026-03-26T13:50:17+05:30,
txn_000741,cust_0294,prod_002,1,149900,INR,CAPTURED,upi,1,2026-06-02T12:53:54+05:30,2026-06-02T12:53:54+05:30,
txn_000742,cust_0295,prod_002,1,149900,INR,CAPTURED,wallet,1,2026-08-09T12:39:08+05:30,2026-08-09T12:39:08+05:30,
txn_000743,cust_0296,prod_009,1,249900,INR,CAPTURED,card,1,2026-07-27T21:18:34+05:30,2026-07-27T21:18:34+05:30,
txn_000744,cust_0296,prod_011,1,2499900,INR,CAPTURED,wallet,1,2026-03-06T14:54:09+05:30,2026-03-06T14:54:09+05:30,
txn_000745,cust_0296,prod_006,2,17999800,INR,CAPTURED,card,1,2026-04-18T21:49:17+05:30,2026-04-18T21:49:17+05:30,
txn_000746,cust_0296,prod_009,1,249900,INR,CAPTURED,wallet,1,2026-04-29T10:24:25+05:30,2026-04-29T10:24:25+05:30,
txn_000747,cust_0296,prod_013,1,299900,INR,CAPTURED,wallet,1,2026-03-25T20:36:26+05:30,2026-03-25T20:36:26+05:30,
txn_000748,cust_0296,prod_013,1,299900,INR,CAPTURED,upi,1,2026-06-18T06:36:04+05:30,2026-06-18T06:36:04+05:30,
txn_000749,cust_0296,prod_002,1,149900,INR,CAPTURED,card,1,2026-08-24T15:51:02+05:30,2026-08-24T15:51:02+05:30,
txn_000750,cust_0296,prod_014,2,1799800,INR,CAPTURED,wallet,1,2026-04-13T09:26:34+05:30,2026-04-13T09:26:34+05:30,
txn_000751,cust_0297,prod_006,1,8999900,INR,CAPTURED,netbanking,1,2026-06-28T11:04:58+05:30,2026-06-28T11:04:58+05:30,
txn_000752,cust_0297,prod_011,1,2499900,INR,CAPTURED,netbanking,1,2026-05-06T14:50:34+05:30,2026-05-06T14:50:34+05:30,
txn_000753,cust_0297,prod_014,1,899900,INR,CAPTURED,card,1,2026-05-28T11:38:01+05:30,2026-05-28T11:38:01+05:30,
txn_000754,cust_0297,prod_002,1,149900,INR,CAPTURED,upi,1,2026-04-14T17:57:43+05:30,2026-04-14T17:57:43+05:30,
txn_000755,cust_0297,prod_010,2,1599800,INR,REFUNDED,netbanking,1,2026-07-11T14:58:30+05:30,2026-07-11T14:58:30+05:30,2026-07-21T14:58:30+05:30
txn_000756,cust_0297,prod_003,1,399900,INR,CAPTURED,upi,1,2026-07-14T08:15:53+05:30,2026-07-14T08:15:53+05:30,
txn_000757,cust_0298,prod_001,1,49900,INR,CAPTURED,card,1,2026-04-08T07:53:03+05:30,2026-04-08T07:53:03+05:30,
txn_000758,cust_0298,prod_002,1,149900,INR,CAPTURED,upi,1,2026-05-12T19:21:36+05:30,2026-05-12T19:21:36+05:30,
txn_000759,cust_0299,prod_001,1,49900,INR,CAPTURED,wallet,1,2026-04-24T20:41:06+05:30,2026-04-24T20:41:06+05:30,
txn_000760,cust_0299,prod_003,1,399900,INR,CAPTURED,wallet,1,2026-08-02T05:35:18+05:30,2026-08-02T05:35:18+05:30,
txn_000761,cust_0300,prod_003,1,399900,INR,CAPTURED,card,1,2026-03-29T13:58:54+05:30,2026-03-29T13:58:54+05:30,
txn_000762,cust_0302,prod_007,2,159800,INR,CAPTURED,card,1,2026-03-15T18:15:24+05:30,2026-03-15T18:15:24+05:30,
txn_000763,cust_0302,prod_013,1,299900,INR,CAPTURED,card,1,2026-07-26T17:16:01+05:30,2026-07-26T17:16:01+05:30,
txn_000764,cust_0302,prod_007,2,159800,INR,CAPTURED,netbanking,1,2026-05-20T22:44:10+05:30,2026-05-20T22:44:10+05:30,
txn_000765,cust_0302,prod_018,1,1199900,INR,CAPTURED,wallet,1,2026-08-19T16:44:09+05:30,2026-08-19T16:44:09+05:30,
txn_000766,cust_0303,prod_004,1,1499900,INR,CAPTURED,netbanking,1,2026-06-25T21:42:39+05:30,2026-06-25T21:42:39+05:30,
txn_000767,cust_0303,prod_018,1,1199900,INR,CAPTURED,upi,1,2026-08-02T19:13:55+05:30,2026-08-02T19:13:55+05:30,
txn_000768,cust_0303,prod_017,1,449900,INR,CAPTURED,wallet,1,2026-05-13T19:32:31+05:30,2026-05-13T19:32:31+05:30,
txn_000769,cust_0305,prod_016,1,14900,INR,CAPTURED,wallet,1,2026-07-18T17:57:18+05:30,2026-07-18T17:57:18+05:30,
txn_000770,cust_0305,prod_007,1,79900,INR,CAPTURED,wallet,1,2026-06-05T11:16:10+05:30,2026-06-05T11:16:10+05:30,
txn_000771,cust_0306,prod_002,3,449700,INR,CAPTURED,wallet,1,2026-05-01T10:31:39+05:30,2026-05-01T10:31:39+05:30,
txn_000772,cust_0306,prod_003,1,399900,INR,CAPTURED,upi,1,2026-04-14T13:18:35+05:30,2026-04-14T13:18:35+05:30,
txn_000773,cust_0307,prod_010,1,799900,INR,CAPTURED,upi,1,2026-08-18T23:31:00+05:30,2026-08-18T23:31:00+05:30,
txn_000774,cust_0307,prod_013,1,299900,INR,CAPTURED,upi,1,2026-08-21T21:16:51+05:30,2026-08-21T21:16:51+05:30,
txn_000775,cust_0307,prod_003,1,399900,INR,CAPTURED,card,1,2026-05-27T10:35:45+05:30,2026-05-27T10:35:45+05:30,
txn_000776,cust_0307,prod_014,1,899900,INR,CAPTURED,netbanking,1,2026-03-05T00:18:25+05:30,2026-03-05T00:18:25+05:30,
txn_000777,cust_0308,prod_016,1,14900,INR,CAPTURED,upi,1,2026-04-14T11:52:49+05:30,2026-04-14T11:52:49+05:30,
txn_000778,cust_0308,prod_016,1,14900,INR,CAPTURED,upi,1,2026-06-30T20:17:59+05:30,2026-06-30T20:17:59+05:30,
txn_000779,cust_0309,prod_001,1,49900,INR,CAPTURED,upi,1,2026-09-01T10:58:51+05:30,2026-09-01T10:58:51+05:30,
txn_000780,cust_0310,prod_002,1,149900,INR,CAPTURED,card,1,2026-07-09T12:13:23+05:30,2026-07-09T12:13:23+05:30,
txn_000781,cust_0310,prod_001,1,49900,INR,CAPTURED,wallet,1,2026-03-08T20:44:12+05:30,2026-03-08T20:44:12+05:30,
txn_000782,cust_0311,prod_009,1,249900,INR,CAPTURED,wallet,1,2026-04-23T17:02:35+05:30,2026-04-23T17:02:35+05:30,
txn_000783,cust_0312,prod_002,1,149900,INR,CAPTURED,netbanking,1,2026-08-28T20:13:43+05:30,2026-08-28T20:13:43+05:30,
txn_000784,cust_0312,prod_004,1,1499900,INR,CAPTURED,wallet,1,2026-07-11T13:05:42+05:30,2026-07-11T13:05:42+05:30,
txn_000785,cust_0313,prod_007,1,79900,INR,CAPTURED,netbanking,1,2026-05-08T19:27:43+05:30,2026-05-08T19:27:43+05:30,
txn_000786,cust_0313,prod_013,1,299900,INR,CAPTURED,upi,1,2026-04-06T23:29:04+05:30,2026-04-06T23:29:04+05:30,
txn_000787,cust_0314,prod_013,1,299900,INR,CAPTURED,netbanking,1,2026-07-23T17:20:57+05:30,2026-07-23T17:20:57+05:30,
txn_000788,cust_0314,prod_001,1,49900,INR,CAPTURED,netbanking,1,2026-07-23T15:45:05+05:30,2026-07-23T15:45:05+05:30,
txn_000789,cust_0315,prod_007,1,79900,INR,CAPTURED,upi,1,2026-07-10T19:54:59+05:30,2026-07-10T19:54:59+05:30,
txn_000790,cust_0315,prod_003,1,399900,INR,CAPTURED,wallet,1,2026-08-30T20:21:48+05:30,2026-08-30T20:21:48+05:30,
txn_000791,cust_0316,prod_016,1,14900,INR,CAPTURED,wallet,1,2026-06-07T19:02:16+05:30,2026-06-07T19:02:16+05:30,
txn_000792,cust_0316,prod_013,1,299900,INR,CAPTURED,wallet,1,2026-03-24T17:58:22+05:30,2026-03-24T17:58:22+05:30,
txn_000793,cust_0317,prod_002,1,149900,INR,CAPTURED,card,1,2026-07-01T14:57:56+05:30,2026-07-01T14:57:56+05:30,
txn_000794,cust_0317,prod_014,3,2699700,INR,CAPTURED,upi,1,2026-04-13T09:26:41+05:30,2026-04-13T09:26:41+05:30,
txn_000795,cust_0317,prod_017,1,449900,INR,CAPTURED,upi,1,2026-03-02T14:27:05+05:30,2026-03-02T14:27:05+05:30,
txn_000796,cust_0317,prod_004,1,1499900,INR,CAPTURED,upi,1,2026-05-22T10:29:55+05:30,2026-05-22T10:29:55+05:30,
txn_000797,cust_0317,prod_011,1,2499900,INR,CAPTURED,netbanking,1,2026-07-28T08:13:12+05:30,2026-07-28T08:13:12+05:30,
txn_000798,cust_0317,prod_011,2,4999800,INR,CAPTURED,netbanking,1,2026-05-18T21:30:31+05:30,2026-05-18T21:30:31+05:30,
txn_000799,cust_0317,prod_002,1,149900,INR,CAPTURED,wallet,1,2026-05-09T14:59:12+05:30,2026-05-09T14:59:12+05:30,
txn_000800,cust_0317,prod_002,3,449700,INR,CAPTURED,card,1,2026-03-21T11:50:52+05:30,2026-03-21T11:50:52+05:30,
txn_000801,cust_0319,prod_013,1,299900,INR,CAPTURED,upi,1,2026-05-15T20:54:49+05:30,2026-05-15T20:54:49+05:30,
txn_000802,cust_0321,prod_013,1,299900,INR,CAPTURED,card,1,2026-07-12T18:40:13+05:30,2026-07-12T18:40:13+05:30,
txn_000803,cust_0321,prod_008,2,259800,INR,CAPTURED,netbanking,1,2026-03-26T17:50:41+05:30,2026-03-26T17:50:41+05:30,
txn_000804,cust_0323,prod_001,1,49900,INR,CAPTURED,card,1,2026-03-10T08:32:53+05:30,2026-03-10T08:32:53+05:30,
txn_000805,cust_0323,prod_008,1,129900,INR,CAPTURED,netbanking,1,2026-04-17T14:42:41+05:30,2026-04-17T14:42:41+05:30,
txn_000806,cust_0323,prod_004,1,1499900,INR,CAPTURED,wallet,1,2026-05-25T01:57:48+05:30,2026-05-25T01:57:48+05:30,
txn_000807,cust_0324,prod_008,1,129900,INR,CAPTURED,card,1,2026-04-19T12:58:59+05:30,2026-04-19T12:58:59+05:30,
txn_000808,cust_0325,prod_013,1,299900,INR,CAPTURED,netbanking,1,2026-07-20T23:22:38+05:30,2026-07-20T23:22:38+05:30,
txn_000809,cust_0326,prod_008,1,129900,INR,CAPTURED,wallet,1,2026-07-03T13:21:12+05:30,2026-07-03T13:21:12+05:30,
txn_000810,cust_0326,prod_018,1,1199900,INR,CAPTURED,upi,1,2026-07-17T10:34:44+05:30,2026-07-17T10:34:44+05:30,
txn_000811,cust_0326,prod_010,1,799900,INR,CAPTURED,upi,1,2026-07-07T14:19:47+05:30,2026-07-07T14:19:47+05:30,
txn_000812,cust_0326,prod_001,3,149700,INR,CAPTURED,card,1,2026-04-08T11:21:59+05:30,2026-04-08T11:21:59+05:30,
txn_000813,cust_0327,prod_001,1,49900,INR,CAPTURED,card,1,2026-08-05T14:08:28+05:30,2026-08-05T14:08:28+05:30,
txn_000814,cust_0327,prod_008,1,129900,INR,CAPTURED,wallet,1,2026-06-29T17:13:00+05:30,2026-06-29T17:13:00+05:30,
txn_000815,cust_0327,prod_017,1,449900,INR,CAPTURED,netbanking,1,2026-08-31T12:20:06+05:30,2026-08-31T12:20:06+05:30,
txn_000816,cust_0328,prod_009,1,249900,INR,CAPTURED,netbanking,1,2026-06-11T10:04:25+05:30,2026-06-11T10:04:25+05:30,
txn_000817,cust_0329,prod_001,1,49900,INR,CAPTURED,netbanking,1,2026-05-01T19:51:00+05:30,2026-05-01T19:51:00+05:30,
txn_000818,cust_0329,prod_013,1,299900,INR,CAPTURED,netbanking,1,2026-07-06T01:39:00+05:30,2026-07-06T01:39:00+05:30,
txn_000819,cust_0329,prod_009,1,249900,INR,CAPTURED,netbanking,1,2026-03-17T19:55:34+05:30,2026-03-17T19:55:34+05:30,
txn_000820,cust_0330,prod_002,1,149900,INR,CAPTURED,card,1,2026-06-14T14:11:59+05:30,2026-06-14T14:11:59+05:30,
txn_000821,cust_0331,prod_006,3,26999700,INR,CAPTURED,netbanking,1,2026-07-10T21:05:10+05:30,2026-07-10T21:05:10+05:30,
txn_000822,cust_0331,prod_003,1,399900,INR,CAPTURED,netbanking,1,2026-06-12T10:38:51+05:30,2026-06-12T10:38:51+05:30,
txn_000823,cust_0331,prod_017,1,449900,INR,CAPTURED,wallet,1,2026-04-25T21:13:06+05:30,2026-04-25T21:13:06+05:30,
txn_000824,cust_0331,prod_012,1,6499900,INR,CAPTURED,card,1,2026-04-29T12:17:13+05:30,2026-04-29T12:17:13+05:30,
txn_000825,cust_0331,prod_017,1,449900,INR,CAPTURED,card,1,2026-04-05T12:31:33+05:30,2026-04-05T12:31:33+05:30,
txn_000826,cust_0333,prod_009,1,249900,INR,CAPTURED,card,1,2026-03-25T12:10:48+05:30,2026-03-25T12:10:48+05:30,
txn_000827,cust_0334,prod_008,1,129900,INR,CAPTURED,wallet,1,2026-03-18T14:29:58+05:30,2026-03-18T14:29:58+05:30,
txn_000828,cust_0335,prod_008,1,129900,INR,CAPTURED,card,1,2026-08-13T18:00:25+05:30,2026-08-13T18:00:25+05:30,
txn_000829,cust_0335,prod_009,1,249900,INR,CAPTURED,wallet,1,2026-05-17T15:05:23+05:30,2026-05-17T15:05:23+05:30,
txn_000830,cust_0336,prod_008,1,129900,INR,CAPTURED,wallet,1,2026-06-10T12:53:05+05:30,2026-06-10T12:53:05+05:30,
txn_000831,cust_0337,prod_014,1,899900,INR,CAPTURED,wallet,1,2026-05-01T09:43:08+05:30,2026-05-01T09:43:08+05:30,
txn_000832,cust_0337,prod_018,1,1199900,INR,CAPTURED,wallet,1,2026-04-20T12:31:12+05:30,2026-04-20T12:31:12+05:30,
txn_000833,cust_0337,prod_002,1,149900,INR,CAPTURED,card,1,2026-04-02T19:56:34+05:30,2026-04-02T19:56:34+05:30,
txn_000834,cust_0337,prod_013,1,299900,INR,CAPTURED,wallet,1,2026-03-18T14:18:01+05:30,2026-03-18T14:18:01+05:30,
txn_000835,cust_0337,prod_004,1,1499900,INR,CAPTURED,wallet,1,2026-07-26T20:48:37+05:30,2026-07-26T20:48:37+05:30,
txn_000836,cust_0338,prod_015,1,19900,INR,CAPTURED,netbanking,1,2026-03-02T14:40:44+05:30,2026-03-02T14:40:44+05:30,
txn_000837,cust_0339,prod_016,1,14900,INR,CAPTURED,card,1,2026-07-28T19:55:44+05:30,2026-07-28T19:55:44+05:30,
txn_000838,cust_0341,prod_018,1,1199900,INR,CAPTURED,upi,1,2026-06-23T21:45:16+05:30,2026-06-23T21:45:16+05:30,
txn_000839,cust_0341,prod_001,1,49900,INR,CAPTURED,netbanking,1,2026-07-17T10:42:23+05:30,2026-07-17T10:42:23+05:30,
txn_000840,cust_0341,prod_002,1,149900,INR,CAPTURED,card,1,2026-08-15T21:25:36+05:30,2026-08-15T21:25:36+05:30,
txn_000841,cust_0343,prod_015,2,39800,INR,CAPTURED,upi,1,2026-05-03T09:07:04+05:30,2026-05-03T09:07:04+05:30,
txn_000842,cust_0343,prod_013,1,299900,INR,CAPTURED,wallet,1,2026-06-16T13:09:02+05:30,2026-06-16T13:09:02+05:30,
txn_000843,cust_0344,prod_001,1,49900,INR,CAPTURED,upi,1,2026-06-16T17:53:59+05:30,2026-06-16T17:53:59+05:30,
txn_000844,cust_0344,prod_008,1,129900,INR,CAPTURED,netbanking,1,2026-03-05T19:55:45+05:30,2026-03-05T19:55:45+05:30,
txn_000845,cust_0344,prod_014,1,899900,INR,CAPTURED,netbanking,1,2026-03-11T03:08:08+05:30,2026-03-11T03:08:08+05:30,
txn_000846,cust_0346,prod_010,1,799900,INR,CAPTURED,card,1,2026-05-10T08:43:53+05:30,2026-05-10T08:43:53+05:30,
txn_000847,cust_0346,prod_001,1,49900,INR,CAPTURED,wallet,1,2026-09-01T17:00:53+05:30,2026-09-01T17:00:53+05:30,
txn_000848,cust_0346,prod_017,1,449900,INR,CAPTURED,upi,1,2026-03-03T12:52:13+05:30,2026-03-03T12:52:13+05:30,
txn_000849,cust_0346,prod_009,1,249900,INR,CAPTURED,upi,1,2026-08-25T17:03:00+05:30,2026-08-25T17:03:00+05:30,
txn_000850,cust_0347,prod_003,1,399900,INR,CAPTURED,wallet,1,2026-03-09T09:42:52+05:30,2026-03-09T09:42:52+05:30,
txn_000851,cust_0347,prod_015,1,19900,INR,CAPTURED,upi,1,2026-05-05T11:10:56+05:30,2026-05-05T11:10:56+05:30,
txn_000852,cust_0348,prod_016,1,14900,INR,CAPTURED,card,1,2026-08-25T12:32:38+05:30,2026-08-25T12:32:38+05:30,
txn_000853,cust_0349,prod_007,1,79900,INR,CAPTURED,netbanking,1,2026-04-13T15:45:48+05:30,2026-04-13T15:45:48+05:30,
txn_000854,cust_0349,prod_009,1,249900,INR,CAPTURED,wallet,1,2026-04-04T13:05:24+05:30,2026-04-04T13:05:24+05:30,
txn_000855,cust_0351,prod_009,1,249900,INR,CAPTURED,upi,1,2026-04-28T15:38:35+05:30,2026-04-28T15:38:35+05:30,
txn_000856,cust_0352,prod_001,1,49900,INR,REFUNDED,upi,1,2026-06-23T18:27:53+05:30,2026-06-23T18:27:53+05:30,2026-07-02T18:27:53+05:30
txn_000857,cust_0352,prod_013,1,299900,INR,CAPTURED,wallet,1,2026-05-21T03:19:03+05:30,2026-05-21T03:19:03+05:30,
txn_000858,cust_0353,prod_003,1,399900,INR,CAPTURED,netbanking,1,2026-05-14T11:43:25+05:30,2026-05-14T11:43:25+05:30,
txn_000859,cust_0353,prod_013,1,299900,INR,CAPTURED,card,1,2026-05-13T10:51:40+05:30,2026-05-13T10:51:40+05:30,
txn_000860,cust_0353,prod_010,1,799900,INR,CAPTURED,upi,1,2026-04-27T17:04:37+05:30,2026-04-27T17:04:37+05:30,
txn_000861,cust_0353,prod_014,1,899900,INR,CAPTURED,netbanking,1,2026-06-03T21:00:10+05:30,2026-06-03T21:00:10+05:30,
txn_000862,cust_0353,prod_013,1,299900,INR,CAPTURED,netbanking,1,2026-05-12T19:57:17+05:30,2026-05-12T19:57:17+05:30,
txn_000863,cust_0355,prod_018,1,1199900,INR,CAPTURED,card,1,2026-06-21T10:53:46+05:30,2026-06-21T10:53:46+05:30,
txn_000864,cust_0355,prod_004,1,1499900,INR,CAPTURED,netbanking,1,2026-06-10T20:45:10+05:30,2026-06-10T20:45:10+05:30,
txn_000865,cust_0355,prod_005,1,3999900,INR,REFUNDED,netbanking,1,2026-05-16T19:33:22+05:30,2026-05-16T19:33:22+05:30,2026-05-19T19:33:22+05:30
txn_000866,cust_0355,prod_017,1,449900,INR,CAPTURED,netbanking,1,2026-08-05T08:45:01+05:30,2026-08-05T08:45:01+05:30,
txn_000867,cust_0356,prod_018,1,1199900,INR,CAPTURED,wallet,1,2026-03-29T13:17:26+05:30,2026-03-29T13:17:26+05:30,
txn_000868,cust_0356,prod_004,1,1499900,INR,CAPTURED,upi,1,2026-03-11T09:45:25+05:30,2026-03-11T09:45:25+05:30,
txn_000869,cust_0356,prod_010,1,799900,INR,CAPTURED,netbanking,1,2026-06-15T13:03:39+05:30,2026-06-15T13:03:39+05:30,
txn_000870,cust_0356,prod_010,2,1599800,INR,CAPTURED,wallet,1,2026-06-22T20:15:22+05:30,2026-06-22T20:15:22+05:30,
txn_000871,cust_0356,prod_003,1,399900,INR,CAPTURED,card,1,2026-03-27T17:51:11+05:30,2026-03-27T17:51:11+05:30,
txn_000872,cust_0356,prod_006,1,8999900,INR,CAPTURED,upi,1,2026-03-20T06:08:04+05:30,2026-03-20T06:08:04+05:30,
txn_000873,cust_0356,prod_005,2,7999800,INR,REFUNDED,card,1,2026-06-27T14:23:27+05:30,2026-06-27T14:23:27+05:30,2026-07-03T14:23:27+05:30
txn_000874,cust_0358,prod_008,1,129900,INR,CAPTURED,card,1,2026-08-11T08:00:16+05:30,2026-08-11T08:00:16+05:30,
txn_000875,cust_0358,prod_013,1,299900,INR,CAPTURED,card,1,2026-04-21T19:19:21+05:30,2026-04-21T19:19:21+05:30,
txn_000876,cust_0359,prod_009,1,249900,INR,REFUNDED,card,1,2026-08-17T10:23:18+05:30,2026-08-17T10:23:18+05:30,2026-08-28T10:23:18+05:30
txn_000877,cust_0360,prod_003,1,399900,INR,CAPTURED,wallet,1,2026-04-23T19:03:36+05:30,2026-04-23T19:03:36+05:30,
txn_000878,cust_0360,prod_001,1,49900,INR,CAPTURED,card,1,2026-07-28T11:17:52+05:30,2026-07-28T11:17:52+05:30,
txn_000879,cust_0361,prod_002,1,149900,INR,CAPTURED,netbanking,1,2026-07-13T19:59:03+05:30,2026-07-13T19:59:03+05:30,
txn_000880,cust_0361,prod_002,2,299800,INR,CAPTURED,wallet,1,2026-06-17T13:44:29+05:30,2026-06-17T13:44:29+05:30,
txn_000881,cust_0361,prod_003,1,399900,INR,CAPTURED,netbanking,1,2026-04-11T21:24:18+05:30,2026-04-11T21:24:18+05:30,
txn_000882,cust_0361,prod_012,1,6499900,INR,CAPTURED,card,1,2026-08-18T15:31:36+05:30,2026-08-18T15:31:36+05:30,
txn_000883,cust_0361,prod_002,1,149900,INR,CAPTURED,netbanking,1,2026-04-27T15:58:09+05:30,2026-04-27T15:58:09+05:30,
txn_000884,cust_0361,prod_013,1,299900,INR,CAPTURED,wallet,1,2026-08-14T14:59:01+05:30,2026-08-14T14:59:01+05:30,
txn_000885,cust_0362,prod_013,1,299900,INR,CAPTURED,wallet,1,2026-08-21T13:18:27+05:30,2026-08-21T13:18:27+05:30,
txn_000886,cust_0362,prod_014,1,899900,INR,CAPTURED,wallet,1,2026-06-01T14:09:48+05:30,2026-06-01T14:09:48+05:30,
txn_000887,cust_0362,prod_003,1,399900,INR,CAPTURED,upi,1,2026-06-02T20:57:30+05:30,2026-06-02T20:57:30+05:30,
txn_000888,cust_0362,prod_004,1,1499900,INR,CAPTURED,card,1,2026-04-02T20:29:13+05:30,2026-04-02T20:29:13+05:30,
txn_000889,cust_0362,prod_017,1,449900,INR,CAPTURED,upi,1,2026-07-18T08:55:27+05:30,2026-07-18T08:55:27+05:30,
txn_000890,cust_0363,prod_001,1,49900,INR,CAPTURED,card,1,2026-05-06T09:39:31+05:30,2026-05-06T09:39:31+05:30,
txn_000891,cust_0363,prod_014,1,899900,INR,CAPTURED,card,1,2026-06-24T19:17:34+05:30,2026-06-24T19:17:34+05:30,
txn_000892,cust_0363,prod_008,1,129900,INR,CAPTURED,upi,1,2026-07-20T17:24:36+05:30,2026-07-20T17:24:36+05:30,
txn_000893,cust_0363,prod_008,1,129900,INR,REFUNDED,wallet,1,2026-04-22T20:42:47+05:30,2026-04-22T20:42:47+05:30,2026-04-29T20:42:47+05:30
txn_000894,cust_0364,prod_002,3,449700,INR,CAPTURED,netbanking,1,2026-06-29T02:14:48+05:30,2026-06-29T02:14:48+05:30,
txn_000895,cust_0364,prod_003,1,399900,INR,CAPTURED,wallet,1,2026-06-08T14:46:53+05:30,2026-06-08T14:46:53+05:30,
txn_000896,cust_0364,prod_001,1,49900,INR,CAPTURED,wallet,1,2026-07-09T17:18:37+05:30,2026-07-09T17:18:37+05:30,
txn_000897,cust_0364,prod_010,1,799900,INR,REFUNDED,upi,1,2026-08-08T10:30:15+05:30,2026-08-08T10:30:15+05:30,2026-08-27T10:30:15+05:30
txn_000898,cust_0364,prod_009,1,249900,INR,CAPTURED,wallet,1,2026-06-10T19:29:57+05:30,2026-06-10T19:29:57+05:30,
txn_000899,cust_0365,prod_017,1,449900,INR,CAPTURED,upi,1,2026-08-21T16:36:28+05:30,2026-08-21T16:36:28+05:30,
txn_000900,cust_0365,prod_009,1,249900,INR,REFUNDED,upi,1,2026-03-24T21:00:52+05:30,2026-03-24T21:00:52+05:30,2026-04-07T21:00:52+05:30
txn_000901,cust_0365,prod_008,1,129900,INR,CAPTURED,card,1,2026-07-12T19:46:15+05:30,2026-07-12T19:46:15+05:30,
txn_000902,cust_0365,prod_003,1,399900,INR,CAPTURED,wallet,1,2026-05-29T16:07:16+05:30,2026-05-29T16:07:16+05:30,
txn_000903,cust_0365,prod_013,1,299900,INR,CAPTURED,netbanking,1,2026-05-29T13:05:08+05:30,2026-05-29T13:05:08+05:30,
txn_000904,cust_0367,prod_007,1,79900,INR,CAPTURED,wallet,1,2026-04-21T12:18:19+05:30,2026-04-21T12:18:19+05:30,
txn_000905,cust_0368,prod_018,1,1199900,INR,CAPTURED,upi,1,2026-07-02T11:29:37+05:30,2026-07-02T11:29:37+05:30,
txn_000906,cust_0368,prod_002,1,149900,INR,CAPTURED,upi,1,2026-05-04T12:00:31+05:30,2026-05-04T12:00:31+05:30,
txn_000907,cust_0368,prod_002,1,149900,INR,CAPTURED,wallet,1,2026-03-16T23:08:26+05:30,2026-03-16T23:08:26+05:30,
txn_000908,cust_0368,prod_017,1,449900,INR,CAPTURED,netbanking,1,2026-03-04T06:22:09+05:30,2026-03-04T06:22:09+05:30,
txn_000909,cust_0368,prod_004,1,1499900,INR,CAPTURED,upi,1,2026-03-21T12:06:35+05:30,2026-03-21T12:06:35+05:30,
txn_000910,cust_0368,prod_010,1,799900,INR,CAPTURED,netbanking,1,2026-04-30T20:21:26+05:30,2026-04-30T20:21:26+05:30,
txn_000911,cust_0368,prod_003,1,399900,INR,CAPTURED,upi,1,2026-06-22T19:17:49+05:30,2026-06-22T19:17:49+05:30,
txn_000912,cust_0369,prod_009,1,249900,INR,CAPTURED,card,1,2026-08-12T11:32:53+05:30,2026-08-12T11:32:53+05:30,
txn_000913,cust_0369,prod_015,1,19900,INR,CAPTURED,card,1,2026-08-31T12:56:36+05:30,2026-08-31T12:56:36+05:30,
txn_000914,cust_0370,prod_009,3,749700,INR,CAPTURED,wallet,1,2026-05-11T20:45:48+05:30,2026-05-11T20:45:48+05:30,
txn_000915,cust_0370,prod_003,1,399900,INR,CAPTURED,netbanking,1,2026-05-04T20:44:18+05:30,2026-05-04T20:44:18+05:30,
txn_000916,cust_0371,prod_013,1,299900,INR,CAPTURED,wallet,1,2026-03-04T18:35:39+05:30,2026-03-04T18:35:39+05:30,
txn_000917,cust_0373,prod_002,1,149900,INR,CAPTURED,upi,1,2026-04-05T09:32:09+05:30,2026-04-05T09:32:09+05:30,
txn_000918,cust_0373,prod_012,1,6499900,INR,CAPTURED,upi,1,2026-04-20T12:22:27+05:30,2026-04-20T12:22:27+05:30,
txn_000919,cust_0373,prod_010,1,799900,INR,CAPTURED,netbanking,1,2026-08-31T15:59:27+05:30,2026-08-31T15:59:27+05:30,
txn_000920,cust_0373,prod_003,1,399900,INR,CAPTURED,card,1,2026-05-18T15:16:56+05:30,2026-05-18T15:16:56+05:30,
txn_000921,cust_0373,prod_009,1,249900,INR,CAPTURED,card,1,2026-05-05T14:09:21+05:30,2026-05-05T14:09:21+05:30,
txn_000922,cust_0373,prod_011,1,2499900,INR,CAPTURED,netbanking,1,2026-04-23T20:20:58+05:30,2026-04-23T20:20:58+05:30,
txn_000923,cust_0373,prod_004,1,1499900,INR,CAPTURED,wallet,1,2026-08-13T06:24:25+05:30,2026-08-13T06:24:25+05:30,
txn_000924,cust_0373,prod_018,1,1199900,INR,CAPTURED,netbanking,1,2026-07-24T11:20:38+05:30,2026-07-24T11:20:38+05:30,
txn_000925,cust_0374,prod_013,1,299900,INR,CAPTURED,wallet,1,2026-06-17T14:15:23+05:30,2026-06-17T14:15:23+05:30,
txn_000926,cust_0374,prod_003,1,399900,INR,CAPTURED,upi,1,2026-07-24T08:58:32+05:30,2026-07-24T08:58:32+05:30,
txn_000927,cust_0374,prod_002,1,149900,INR,CAPTURED,wallet,1,2026-05-16T10:05:12+05:30,2026-05-16T10:05:12+05:30,
txn_000928,cust_0374,prod_003,1,399900,INR,CAPTURED,upi,1,2026-04-16T17:22:05+05:30,2026-04-16T17:22:05+05:30,
txn_000929,cust_0374,prod_010,1,799900,INR,CAPTURED,upi,1,2026-06-01T08:21:19+05:30,2026-06-01T08:21:19+05:30,
txn_000930,cust_0376,prod_002,1,149900,INR,CAPTURED,card,1,2026-03-17T21:39:21+05:30,2026-03-17T21:39:21+05:30,
txn_000931,cust_0376,prod_010,1,799900,INR,CAPTURED,wallet,1,2026-08-21T13:22:57+05:30,2026-08-21T13:22:57+05:30,
txn_000932,cust_0376,prod_013,1,299900,INR,CAPTURED,wallet,1,2026-03-25T11:19:33+05:30,2026-03-25T11:19:33+05:30,
txn_000933,cust_0376,prod_004,1,1499900,INR,CAPTURED,upi,1,2026-05-14T12:18:19+05:30,2026-05-14T12:18:19+05:30,
txn_000934,cust_0377,prod_009,1,249900,INR,CAPTURED,netbanking,1,2026-05-14T17:57:19+05:30,2026-05-14T17:57:19+05:30,
txn_000935,cust_0378,prod_008,1,129900,INR,CAPTURED,wallet,1,2026-03-26T12:40:59+05:30,2026-03-26T12:40:59+05:30,
txn_000936,cust_0379,prod_002,1,149900,INR,CAPTURED,wallet,1,2026-07-20T14:12:16+05:30,2026-07-20T14:12:16+05:30,
txn_000937,cust_0380,prod_007,1,79900,INR,CAPTURED,netbanking,1,2026-03-11T16:12:18+05:30,2026-03-11T16:12:18+05:30,
txn_000938,cust_0381,prod_004,1,1499900,INR,CAPTURED,wallet,1,2026-08-12T19:09:32+05:30,2026-08-12T19:09:32+05:30,
txn_000939,cust_0381,prod_013,1,299900,INR,CAPTURED,netbanking,1,2026-06-11T19:19:16+05:30,2026-06-11T19:19:16+05:30,
txn_000940,cust_0381,prod_002,1,149900,INR,CAPTURED,upi,1,2026-03-20T12:22:56+05:30,2026-03-20T12:22:56+05:30,
txn_000941,cust_0382,prod_017,1,449900,INR,CAPTURED,netbanking,1,2026-03-26T21:07:05+05:30,2026-03-26T21:07:05+05:30,
txn_000942,cust_0382,prod_013,1,299900,INR,CAPTURED,wallet,1,2026-03-11T12:05:01+05:30,2026-03-11T12:05:01+05:30,
txn_000943,cust_0382,prod_014,2,1799800,INR,CAPTURED,wallet,1,2026-05-27T09:18:01+05:30,2026-05-27T09:18:01+05:30,
txn_000944,cust_0382,prod_012,3,19499700,INR,CAPTURED,wallet,1,2026-03-18T11:26:02+05:30,2026-03-18T11:26:02+05:30,
txn_000945,cust_0383,prod_008,1,129900,INR,CAPTURED,upi,1,2026-04-21T10:53:57+05:30,2026-04-21T10:53:57+05:30,
txn_000946,cust_0384,prod_009,1,249900,INR,CAPTURED,card,1,2026-05-27T20:25:00+05:30,2026-05-27T20:25:00+05:30,
txn_000947,cust_0385,prod_002,1,149900,INR,CAPTURED,wallet,1,2026-04-18T18:18:01+05:30,2026-04-18T18:18:01+05:30,
txn_000948,cust_0385,prod_002,1,149900,INR,CAPTURED,upi,1,2026-03-17T12:53:58+05:30,2026-03-17T12:53:58+05:30,
txn_000949,cust_0386,prod_007,1,79900,INR,CAPTURED,upi,1,2026-05-28T11:22:00+05:30,2026-05-28T11:22:00+05:30,
txn_000950,cust_0387,prod_014,3,2699700,INR,CAPTURED,upi,1,2026-05-27T12:31:45+05:30,2026-05-27T12:31:45+05:30,
txn_000951,cust_0387,prod_004,1,1499900,INR,CAPTURED,netbanking,1,2026-07-15T20:01:58+05:30,2026-07-15T20:01:58+05:30,
txn_000952,cust_0389,prod_015,1,19900,INR,CAPTURED,card,1,2026-05-20T15:10:16+05:30,2026-05-20T15:10:16+05:30,
txn_000953,cust_0390,prod_018,1,1199900,INR,CAPTURED,upi,1,2026-04-15T18:38:13+05:30,2026-04-15T18:38:13+05:30,
txn_000954,cust_0390,prod_014,1,899900,INR,CAPTURED,upi,1,2026-07-22T21:31:25+05:30,2026-07-22T21:31:25+05:30,
txn_000955,cust_0390,prod_008,1,129900,INR,CAPTURED,card,1,2026-03-18T17:07:07+05:30,2026-03-18T17:07:07+05:30,
txn_000956,cust_0390,prod_013,1,299900,INR,CAPTURED,upi,1,2026-03-21T11:23:23+05:30,2026-03-21T11:23:23+05:30,
txn_000957,cust_0392,prod_008,1,129900,INR,CAPTURED,card,1,2026-08-27T22:54:37+05:30,2026-08-27T22:54:37+05:30,
txn_000958,cust_0393,prod_008,1,129900,INR,CAPTURED,netbanking,1,2026-06-02T10:18:16+05:30,2026-06-02T10:18:16+05:30,
txn_000959,cust_0393,prod_013,1,299900,INR,CAPTURED,upi,1,2026-04-06T20:17:20+05:30,2026-04-06T20:17:20+05:30,
txn_000960,cust_0395,prod_009,3,749700,INR,CAPTURED,wallet,1,2026-04-28T20:06:24+05:30,2026-04-28T20:06:24+05:30,
txn_000961,cust_0395,prod_001,1,49900,INR,CAPTURED,wallet,1,2026-05-28T12:29:23+05:30,2026-05-28T12:29:23+05:30,
txn_000962,cust_0395,prod_017,1,449900,INR,CAPTURED,wallet,1,2026-03-12T09:36:49+05:30,2026-03-12T09:36:49+05:30,
txn_000963,cust_0395,prod_007,1,79900,INR,CAPTURED,upi,1,2026-07-08T19:07:57+05:30,2026-07-08T19:07:57+05:30,
txn_000964,cust_0396,prod_001,1,49900,INR,CAPTURED,upi,1,2026-04-24T19:41:27+05:30,2026-04-24T19:41:27+05:30,
txn_000965,cust_0396,prod_015,1,19900,INR,CAPTURED,netbanking,1,2026-07-06T11:32:45+05:30,2026-07-06T11:32:45+05:30,
txn_000966,cust_0397,prod_009,1,249900,INR,CAPTURED,wallet,1,2026-07-24T19:31:27+05:30,2026-07-24T19:31:27+05:30,
txn_000967,cust_0397,prod_018,1,1199900,INR,CAPTURED,card,1,2026-03-26T19:25:42+05:30,2026-03-26T19:25:42+05:30,
txn_000968,cust_0397,prod_017,1,449900,INR,CAPTURED,netbanking,1,2026-06-08T12:49:06+05:30,2026-06-08T12:49:06+05:30,
txn_000969,cust_0400,prod_003,1,399900,INR,CAPTURED,card,1,2026-07-19T22:52:49+05:30,2026-07-19T22:52:49+05:30,
txn_000970,cust_0402,prod_001,1,49900,INR,CAPTURED,wallet,1,2026-08-05T09:27:29+05:30,2026-08-05T09:27:29+05:30,
txn_000971,cust_0402,prod_014,1,899900,INR,CAPTURED,wallet,1,2026-04-16T21:55:56+05:30,2026-04-16T21:55:56+05:30,
txn_000972,cust_0402,prod_017,3,1349700,INR,CAPTURED,upi,1,2026-03-16T21:46:47+05:30,2026-03-16T21:46:47+05:30,
txn_000973,cust_0404,prod_009,1,249900,INR,CAPTURED,card,1,2026-04-18T14:56:50+05:30,2026-04-18T14:56:50+05:30,
txn_000974,cust_0404,prod_002,1,149900,INR,CAPTURED,upi,1,2026-04-20T21:21:34+05:30,2026-04-20T21:21:34+05:30,
txn_000975,cust_0405,prod_004,1,1499900,INR,CAPTURED,card,1,2026-04-07T13:54:39+05:30,2026-04-07T13:54:39+05:30,
txn_000976,cust_0405,prod_008,1,129900,INR,CAPTURED,upi,1,2026-04-15T17:05:56+05:30,2026-04-15T17:05:56+05:30,
txn_000977,cust_0405,prod_018,1,1199900,INR,CAPTURED,wallet,1,2026-06-08T20:28:19+05:30,2026-06-08T20:28:19+05:30,
txn_000978,cust_0405,prod_001,1,49900,INR,CAPTURED,wallet,1,2026-06-29T18:36:00+05:30,2026-06-29T18:36:00+05:30,
txn_000979,cust_0405,prod_009,1,249900,INR,CAPTURED,card,1,2026-03-20T13:55:51+05:30,2026-03-20T13:55:51+05:30,
txn_000980,cust_0406,prod_003,1,399900,INR,CAPTURED,netbanking,1,2026-04-25T16:29:32+05:30,2026-04-25T16:29:32+05:30,
txn_000981,cust_0406,prod_009,1,249900,INR,CAPTURED,netbanking,1,2026-04-16T08:55:05+05:30,2026-04-16T08:55:05+05:30,
txn_000982,cust_0407,prod_005,1,3999900,INR,CAPTURED,card,1,2026-05-06T12:25:22+05:30,2026-05-06T12:25:22+05:30,
txn_000983,cust_0407,prod_003,1,399900,INR,CAPTURED,upi,1,2026-05-18T19:53:09+05:30,2026-05-18T19:53:09+05:30,
txn_000984,cust_0407,prod_012,1,6499900,INR,CAPTURED,upi,1,2026-06-02T12:56:02+05:30,2026-06-02T12:56:02+05:30,
txn_000985,cust_0407,prod_012,1,6499900,INR,CAPTURED,wallet,1,2026-05-16T08:21:42+05:30,2026-05-16T08:21:42+05:30,
txn_000986,cust_0407,prod_018,1,1199900,INR,CAPTURED,card,1,2026-08-17T21:55:36+05:30,2026-08-17T21:55:36+05:30,
txn_000987,cust_0408,prod_017,1,449900,INR,CAPTURED,upi,1,2026-07-02T19:25:44+05:30,2026-07-02T19:25:44+05:30,
txn_000988,cust_0408,prod_012,1,6499900,INR,CAPTURED,wallet,1,2026-06-22T19:25:25+05:30,2026-06-22T19:25:25+05:30,
txn_000989,cust_0408,prod_003,1,399900,INR,CAPTURED,wallet,1,2026-03-17T11:57:58+05:30,2026-03-17T11:57:58+05:30,
txn_000990,cust_0408,prod_003,1,399900,INR,CAPTURED,wallet,1,2026-04-10T19:33:39+05:30,2026-04-10T19:33:39+05:30,
txn_000991,cust_0408,prod_004,1,1499900,INR,CAPTURED,netbanking,1,2026-08-24T19:19:34+05:30,2026-08-24T19:19:34+05:30,
txn_000992,cust_0408,prod_018,1,1199900,INR,CAPTURED,netbanking,1,2026-07-10T16:48:25+05:30,2026-07-10T16:48:25+05:30,
txn_000993,cust_0409,prod_013,1,299900,INR,CAPTURED,netbanking,1,2026-04-23T10:29:07+05:30,2026-04-23T10:29:07+05:30,
txn_000994,cust_0409,prod_005,1,3999900,INR,CAPTURED,wallet,1,2026-04-28T19:17:51+05:30,2026-04-28T19:17:51+05:30,
txn_000995,cust_0409,prod_004,1,1499900,INR,CAPTURED,netbanking,1,2026-04-30T08:55:49+05:30,2026-04-30T08:55:49+05:30,
txn_000996,cust_0409,prod_018,1,1199900,INR,CAPTURED,netbanking,1,2026-05-17T22:29:04+05:30,2026-05-17T22:29:04+05:30,
txn_000997,cust_0411,prod_009,1,249900,INR,CAPTURED,wallet,1,2026-03-16T12:43:05+05:30,2026-03-16T12:43:05+05:30,
txn_000998,cust_0412,prod_013,1,299900,INR,CAPTURED,upi,1,2026-04-27T20:08:45+05:30,2026-04-27T20:08:45+05:30,
txn_000999,cust_0413,prod_013,1,299900,INR,CAPTURED,netbanking,1,2026-08-18T15:22:49+05:30,2026-08-18T15:22:49+05:30,
txn_001000,cust_0413,prod_003,1,399900,INR,CAPTURED,netbanking,1,2026-06-24T20:25:10+05:30,2026-06-24T20:25:10+05:30,
txn_001001,cust_0413,prod_013,2,599800,INR,CAPTURED,upi,1,2026-04-23T18:45:43+05:30,2026-04-23T18:45:43+05:30,
txn_001002,cust_0413,prod_013,2,599800,INR,CAPTURED,card,1,2026-07-16T16:31:07+05:30,2026-07-16T16:31:07+05:30,
txn_001003,cust_0413,prod_009,1,249900,INR,CAPTURED,wallet,1,2026-08-31T14:45:49+05:30,2026-08-31T14:45:49+05:30,
txn_001004,cust_0413,prod_003,1,399900,INR,CAPTURED,upi,1,2026-05-07T13:12:27+05:30,2026-05-07T13:12:27+05:30,
txn_001005,cust_0413,prod_017,1,449900,INR,CAPTURED,card,1,2026-06-15T20:51:24+05:30,2026-06-15T20:51:24+05:30,
txn_001006,cust_0413,prod_004,1,1499900,INR,CAPTURED,netbanking,1,2026-07-31T15:49:25+05:30,2026-07-31T15:49:25+05:30,
txn_001007,cust_0414,prod_007,1,79900,INR,CAPTURED,wallet,1,2026-06-07T17:13:01+05:30,2026-06-07T17:13:01+05:30,
txn_001008,cust_0415,prod_002,1,149900,INR,CAPTURED,card,1,2026-08-23T18:26:06+05:30,2026-08-23T18:26:06+05:30,
txn_001009,cust_0415,prod_009,1,249900,INR,CAPTURED,netbanking,1,2026-03-09T15:10:05+05:30,2026-03-09T15:10:05+05:30,
txn_001010,cust_0415,prod_011,3,7499700,INR,CAPTURED,upi,1,2026-04-28T09:53:31+05:30,2026-04-28T09:53:31+05:30,
txn_001011,cust_0415,prod_004,1,1499900,INR,CAPTURED,netbanking,1,2026-06-24T16:23:50+05:30,2026-06-24T16:23:50+05:30,
txn_001012,cust_0415,prod_012,1,6499900,INR,CAPTURED,card,1,2026-04-02T20:58:57+05:30,2026-04-02T20:58:57+05:30,
txn_001013,cust_0415,prod_003,1,399900,INR,CAPTURED,card,1,2026-05-11T08:11:59+05:30,2026-05-11T08:11:59+05:30,
txn_001014,cust_0415,prod_018,1,1199900,INR,CAPTURED,netbanking,1,2026-07-14T19:38:02+05:30,2026-07-14T19:38:02+05:30,
txn_001015,cust_0418,prod_010,1,799900,INR,CAPTURED,netbanking,1,2026-05-11T06:10:40+05:30,2026-05-11T06:10:40+05:30,
txn_001016,cust_0418,prod_014,3,2699700,INR,CAPTURED,wallet,1,2026-06-19T17:51:15+05:30,2026-06-19T17:51:15+05:30,
txn_001017,cust_0418,prod_013,3,899700,INR,CAPTURED,upi,1,2026-04-24T20:02:10+05:30,2026-04-24T20:02:10+05:30,
txn_001018,cust_0419,prod_002,1,149900,INR,CAPTURED,wallet,1,2026-08-24T12:40:36+05:30,2026-08-24T12:40:36+05:30,
txn_001019,cust_0419,prod_017,1,449900,INR,CAPTURED,card,1,2026-06-01T10:48:09+05:30,2026-06-01T10:48:09+05:30,
txn_001020,cust_0419,prod_010,1,799900,INR,CAPTURED,upi,1,2026-05-26T16:33:04+05:30,2026-05-26T16:33:04+05:30,
txn_001021,cust_0419,prod_013,1,299900,INR,CAPTURED,wallet,1,2026-04-13T18:49:37+05:30,2026-04-13T18:49:37+05:30,
txn_001022,cust_0419,prod_018,1,1199900,INR,CAPTURED,netbanking,1,2026-06-18T10:42:03+05:30,2026-06-18T10:42:03+05:30,
txn_001023,cust_0420,prod_007,1,79900,INR,CAPTURED,upi,1,2026-05-20T20:45:20+05:30,2026-05-20T20:45:20+05:30,
txn_001024,cust_0420,prod_009,1,249900,INR,CAPTURED,netbanking,1,2026-07-05T19:29:31+05:30,2026-07-05T19:29:31+05:30,
txn_001025,cust_0422,prod_018,1,1199900,INR,CAPTURED,card,1,2026-05-09T12:15:03+05:30,2026-05-09T12:15:03+05:30,
txn_001026,cust_0422,prod_010,2,1599800,INR,CAPTURED,card,1,2026-04-28T14:18:50+05:30,2026-04-28T14:18:50+05:30,
txn_001027,cust_0422,prod_004,1,1499900,INR,CAPTURED,card,1,2026-06-01T22:59:40+05:30,2026-06-01T22:59:40+05:30,
txn_001028,cust_0422,prod_012,1,6499900,INR,CAPTURED,card,1,2026-04-16T18:32:08+05:30,2026-04-16T18:32:08+05:30,
txn_001029,cust_0422,prod_017,1,449900,INR,CAPTURED,card,1,2026-05-16T20:56:42+05:30,2026-05-16T20:56:42+05:30,
txn_001030,cust_0423,prod_009,3,749700,INR,CAPTURED,card,1,2026-04-16T20:45:31+05:30,2026-04-16T20:45:31+05:30,
txn_001031,cust_0423,prod_016,1,14900,INR,CAPTURED,wallet,1,2026-06-05T13:24:40+05:30,2026-06-05T13:24:40+05:30,
txn_001032,cust_0424,prod_015,1,19900,INR,CAPTURED,upi,1,2026-03-20T15:36:21+05:30,2026-03-20T15:36:21+05:30,
txn_001033,cust_0424,prod_002,1,149900,INR,CAPTURED,netbanking,1,2026-04-28T16:02:35+05:30,2026-04-28T16:02:35+05:30,
txn_001034,cust_0426,prod_009,1,249900,INR,CAPTURED,upi,1,2026-07-30T18:20:47+05:30,2026-07-30T18:20:47+05:30,
txn_001035,cust_0426,prod_011,1,2499900,INR,CAPTURED,netbanking,1,2026-03-02T11:38:39+05:30,2026-03-02T11:38:39+05:30,
txn_001036,cust_0426,prod_006,1,8999900,INR,CAPTURED,wallet,1,2026-06-01T19:23:53+05:30,2026-06-01T19:23:53+05:30,
txn_001037,cust_0426,prod_013,1,299900,INR,CAPTURED,upi,1,2026-03-20T08:03:27+05:30,2026-03-20T08:03:27+05:30,
txn_001038,cust_0427,prod_008,1,129900,INR,CAPTURED,card,1,2026-03-17T18:06:33+05:30,2026-03-17T18:06:33+05:30,
txn_001039,cust_0428,prod_013,1,299900,INR,CAPTURED,upi,1,2026-04-29T12:11:28+05:30,2026-04-29T12:11:28+05:30,
txn_001040,cust_0429,prod_003,3,1199700,INR,CAPTURED,netbanking,1,2026-09-01T16:43:41+05:30,2026-09-01T16:43:41+05:30,
txn_001041,cust_0430,prod_004,1,1499900,INR,CAPTURED,netbanking,1,2026-07-01T08:25:29+05:30,2026-07-01T08:25:29+05:30,
txn_001042,cust_0430,prod_002,1,149900,INR,CAPTURED,card,1,2026-08-12T14:26:49+05:30,2026-08-12T14:26:49+05:30,
txn_001043,cust_0430,prod_009,1,249900,INR,CAPTURED,netbanking,1,2026-03-28T18:20:01+05:30,2026-03-28T18:20:01+05:30,
txn_001044,cust_0430,prod_004,1,1499900,INR,CAPTURED,card,1,2026-08-12T22:49:52+05:30,2026-08-12T22:49:52+05:30,
txn_001045,cust_0431,prod_001,1,49900,INR,CAPTURED,netbanking,1,2026-05-29T16:22:42+05:30,2026-05-29T16:22:42+05:30,
txn_001046,cust_0431,prod_004,1,1499900,INR,CAPTURED,netbanking,1,2026-05-05T09:32:46+05:30,2026-05-05T09:32:46+05:30,
txn_001047,cust_0431,prod_010,1,799900,INR,CAPTURED,wallet,1,2026-03-19T12:16:20+05:30,2026-03-19T12:16:20+05:30,
txn_001048,cust_0431,prod_008,1,129900,INR,CAPTURED,card,1,2026-04-25T20:51:06+05:30,2026-04-25T20:51:06+05:30,
txn_001049,cust_0431,prod_004,1,1499900,INR,CAPTURED,upi,1,2026-05-28T12:10:59+05:30,2026-05-28T12:10:59+05:30,
txn_001050,cust_0432,prod_008,1,129900,INR,CAPTURED,wallet,1,2026-05-29T23:01:45+05:30,2026-05-29T23:01:45+05:30,
txn_001051,cust_0432,prod_007,1,79900,INR,CAPTURED,card,1,2026-06-28T16:05:29+05:30,2026-06-28T16:05:29+05:30,
txn_001052,cust_0432,prod_009,3,749700,INR,CAPTURED,upi,1,2026-07-16T14:38:29+05:30,2026-07-16T14:38:29+05:30,
txn_001053,cust_0432,prod_013,1,299900,INR,CAPTURED,wallet,1,2026-03-04T16:44:02+05:30,2026-03-04T16:44:02+05:30,
txn_001054,cust_0432,prod_007,1,79900,INR,CAPTURED,wallet,1,2026-08-17T11:39:01+05:30,2026-08-17T11:39:01+05:30,
txn_001055,cust_0434,prod_014,1,899900,INR,CAPTURED,upi,1,2026-06-17T14:20:38+05:30,2026-06-17T14:20:38+05:30,
txn_001056,cust_0434,prod_009,1,249900,INR,CAPTURED,upi,1,2026-05-28T17:30:45+05:30,2026-05-28T17:30:45+05:30,
txn_001057,cust_0434,prod_009,1,249900,INR,CAPTURED,card,1,2026-07-14T15:49:51+05:30,2026-07-14T15:49:51+05:30,
txn_001058,cust_0434,prod_011,1,2499900,INR,CAPTURED,wallet,1,2026-04-24T23:04:40+05:30,2026-04-24T23:04:40+05:30,
txn_001059,cust_0434,prod_013,1,299900,INR,CAPTURED,netbanking,1,2026-04-15T15:33:35+05:30,2026-04-15T15:33:35+05:30,
txn_001060,cust_0434,prod_012,1,6499900,INR,CAPTURED,wallet,1,2026-08-25T08:09:30+05:30,2026-08-25T08:09:30+05:30,
txn_001061,cust_0434,prod_006,1,8999900,INR,CAPTURED,wallet,1,2026-06-22T20:24:45+05:30,2026-06-22T20:24:45+05:30,
txn_001062,cust_0435,prod_013,2,599800,INR,CAPTURED,netbanking,1,2026-04-07T00:50:19+05:30,2026-04-07T00:50:19+05:30,
txn_001063,cust_0435,prod_001,1,49900,INR,CAPTURED,upi,1,2026-05-10T20:08:17+05:30,2026-05-10T20:08:17+05:30,
txn_001064,cust_0435,prod_004,1,1499900,INR,CAPTURED,card,1,2026-07-13T16:44:25+05:30,2026-07-13T16:44:25+05:30,
txn_001065,cust_0437,prod_013,1,299900,INR,CAPTURED,upi,1,2026-05-27T13:44:13+05:30,2026-05-27T13:44:13+05:30,
txn_001066,cust_0437,prod_014,3,2699700,INR,CAPTURED,netbanking,1,2026-06-27T11:16:38+05:30,2026-06-27T11:16:38+05:30,
txn_001067,cust_0437,prod_009,1,249900,INR,CAPTURED,netbanking,1,2026-05-11T18:02:11+05:30,2026-05-11T18:02:11+05:30,
txn_001068,cust_0439,prod_008,1,129900,INR,CAPTURED,upi,1,2026-06-19T18:35:37+05:30,2026-06-19T18:35:37+05:30,
txn_001069,cust_0441,prod_003,3,1199700,INR,CAPTURED,wallet,1,2026-08-26T20:49:28+05:30,2026-08-26T20:49:28+05:30,
txn_001070,cust_0442,prod_015,1,19900,INR,CAPTURED,netbanking,1,2026-04-13T13:58:58+05:30,2026-04-13T13:58:58+05:30,
txn_001071,cust_0443,prod_007,1,79900,INR,CAPTURED,netbanking,1,2026-07-20T11:48:25+05:30,2026-07-20T11:48:25+05:30,
txn_001072,cust_0444,prod_013,1,299900,INR,CAPTURED,upi,1,2026-03-07T15:23:15+05:30,2026-03-07T15:23:15+05:30,
txn_001073,cust_0444,prod_018,1,1199900,INR,CAPTURED,wallet,1,2026-09-01T20:23:02+05:30,2026-09-01T20:23:02+05:30,
txn_001074,cust_0445,prod_010,1,799900,INR,CAPTURED,card,1,2026-08-04T19:09:07+05:30,2026-08-04T19:09:07+05:30,
txn_001075,cust_0445,prod_014,1,899900,INR,CAPTURED,wallet,1,2026-04-23T14:30:03+05:30,2026-04-23T14:30:03+05:30,
txn_001076,cust_0445,prod_004,1,1499900,INR,CAPTURED,wallet,1,2026-07-17T18:40:47+05:30,2026-07-17T18:40:47+05:30,
txn_001077,cust_0446,prod_002,1,149900,INR,CAPTURED,netbanking,1,2026-03-02T19:30:13+05:30,2026-03-02T19:30:13+05:30,
txn_001078,cust_0446,prod_013,1,299900,INR,CAPTURED,wallet,1,2026-07-07T21:49:56+05:30,2026-07-07T21:49:56+05:30,
txn_001079,cust_0447,prod_009,1,249900,INR,CAPTURED,card,1,2026-03-30T19:48:52+05:30,2026-03-30T19:48:52+05:30,
txn_001080,cust_0447,prod_001,3,149700,INR,CAPTURED,netbanking,1,2026-05-14T22:54:14+05:30,2026-05-14T22:54:14+05:30,
txn_001081,cust_0448,prod_007,1,79900,INR,CAPTURED,netbanking,1,2026-08-22T18:13:06+05:30,2026-08-22T18:13:06+05:30,
txn_001082,cust_0448,prod_014,1,899900,INR,CAPTURED,netbanking,1,2026-03-30T11:53:55+05:30,2026-03-30T11:53:55+05:30,
txn_001083,cust_0448,prod_003,1,399900,INR,CAPTURED,netbanking,1,2026-07-24T11:36:26+05:30,2026-07-24T11:36:26+05:30,
txn_001084,cust_0448,prod_004,1,1499900,INR,CAPTURED,wallet,1,2026-08-25T10:36:17+05:30,2026-08-25T10:36:17+05:30,
txn_001085,cust_0450,prod_008,1,129900,INR,CAPTURED,card,1,2026-03-16T14:00:58+05:30,2026-03-16T14:00:58+05:30,
txn_001086,cust_0450,prod_015,1,19900,INR,CAPTURED,card,1,2026-04-21T19:47:55+05:30,2026-04-21T19:47:55+05:30,
txn_001087,cust_0451,prod_001,1,49900,INR,CAPTURED,upi,1,2026-07-04T15:29:16+05:30,2026-07-04T15:29:16+05:30,
txn_001088,cust_0451,prod_014,3,2699700,INR,CAPTURED,card,1,2026-06-15T18:37:43+05:30,2026-06-15T18:37:43+05:30,
txn_001089,cust_0452,prod_009,1,249900,INR,CAPTURED,netbanking,1,2026-05-18T15:18:24+05:30,2026-05-18T15:18:24+05:30,
txn_001090,cust_0452,prod_002,1,149900,INR,CAPTURED,netbanking,1,2026-08-24T18:33:43+05:30,2026-08-24T18:33:43+05:30,
txn_001091,cust_0453,prod_001,1,49900,INR,CAPTURED,netbanking,1,2026-05-07T21:48:57+05:30,2026-05-07T21:48:57+05:30,
txn_001092,cust_0453,prod_009,1,249900,INR,CAPTURED,netbanking,1,2026-05-02T18:38:09+05:30,2026-05-02T18:38:09+05:30,
txn_001093,cust_0454,prod_017,1,449900,INR,CAPTURED,wallet,1,2026-05-27T18:05:49+05:30,2026-05-27T18:05:49+05:30,
txn_001094,cust_0454,prod_010,1,799900,INR,CAPTURED,wallet,1,2026-03-04T21:24:48+05:30,2026-03-04T21:24:48+05:30,
txn_001095,cust_0454,prod_011,1,2499900,INR,CAPTURED,wallet,1,2026-08-07T16:16:43+05:30,2026-08-07T16:16:43+05:30,
txn_001096,cust_0454,prod_005,2,7999800,INR,CAPTURED,card,1,2026-06-03T22:35:45+05:30,2026-06-03T22:35:45+05:30,
txn_001097,cust_0456,prod_003,1,399900,INR,CAPTURED,upi,1,2026-07-18T22:16:51+05:30,2026-07-18T22:16:51+05:30,
txn_001098,cust_0456,prod_008,1,129900,INR,CAPTURED,wallet,1,2026-04-23T18:36:44+05:30,2026-04-23T18:36:44+05:30,
txn_001099,cust_0456,prod_010,1,799900,INR,CAPTURED,card,1,2026-07-13T15:57:20+05:30,2026-07-13T15:57:20+05:30,
txn_001100,cust_0456,prod_018,1,1199900,INR,CAPTURED,netbanking,1,2026-06-25T19:01:27+05:30,2026-06-25T19:01:27+05:30,
txn_001101,cust_0457,prod_017,1,449900,INR,CAPTURED,netbanking,1,2026-08-18T17:14:34+05:30,2026-08-18T17:14:34+05:30,
txn_001102,cust_0457,prod_009,1,249900,INR,CAPTURED,upi,1,2026-07-27T19:25:08+05:30,2026-07-27T19:25:08+05:30,
txn_001103,cust_0457,prod_003,1,399900,INR,CAPTURED,netbanking,1,2026-04-10T11:15:48+05:30,2026-04-10T11:15:48+05:30,
txn_001104,cust_0457,prod_013,1,299900,INR,CAPTURED,upi,1,2026-06-02T13:19:58+05:30,2026-06-02T13:19:58+05:30,
txn_001105,cust_0460,prod_002,1,149900,INR,CAPTURED,netbanking,1,2026-05-19T13:19:44+05:30,2026-05-19T13:19:44+05:30,
txn_001106,cust_0460,prod_015,1,19900,INR,CAPTURED,wallet,1,2026-05-28T19:00:22+05:30,2026-05-28T19:00:22+05:30,
txn_001107,cust_0461,prod_003,1,399900,INR,CAPTURED,wallet,1,2026-05-08T11:44:23+05:30,2026-05-08T11:44:23+05:30,
txn_001108,cust_0461,prod_010,1,799900,INR,CAPTURED,netbanking,1,2026-07-17T10:17:52+05:30,2026-07-17T10:17:52+05:30,
txn_001109,cust_0461,prod_013,1,299900,INR,CAPTURED,card,1,2026-08-11T20:17:26+05:30,2026-08-11T20:17:26+05:30,
txn_001110,cust_0461,prod_004,1,1499900,INR,CAPTURED,wallet,1,2026-04-11T19:07:47+05:30,2026-04-11T19:07:47+05:30,
txn_001111,cust_0462,prod_010,1,799900,INR,CAPTURED,card,1,2026-04-02T16:18:41+05:30,2026-04-02T16:18:41+05:30,
txn_001112,cust_0462,prod_008,1,129900,INR,CAPTURED,card,1,2026-05-16T18:57:44+05:30,2026-05-16T18:57:44+05:30,
txn_001113,cust_0462,prod_007,1,79900,INR,CAPTURED,card,1,2026-08-21T17:22:31+05:30,2026-08-21T17:22:31+05:30,
txn_001114,cust_0462,prod_010,1,799900,INR,CAPTURED,card,1,2026-08-26T08:21:20+05:30,2026-08-26T08:21:20+05:30,
txn_001115,cust_0462,prod_013,2,599800,INR,CAPTURED,card,1,2026-04-20T14:11:12+05:30,2026-04-20T14:11:12+05:30,
txn_001116,cust_0463,prod_009,1,249900,INR,CAPTURED,netbanking,1,2026-08-02T11:55:57+05:30,2026-08-02T11:55:57+05:30,
txn_001117,cust_0466,prod_013,3,899700,INR,CAPTURED,netbanking,1,2026-08-17T07:58:30+05:30,2026-08-17T07:58:30+05:30,
txn_001118,cust_0467,prod_016,1,14900,INR,CAPTURED,netbanking,1,2026-05-12T16:01:05+05:30,2026-05-12T16:01:05+05:30,
txn_001119,cust_0468,prod_013,1,299900,INR,CAPTURED,netbanking,1,2026-07-03T16:52:11+05:30,2026-07-03T16:52:11+05:30,
txn_001120,cust_0468,prod_007,1,79900,INR,CAPTURED,wallet,1,2026-05-07T17:14:41+05:30,2026-05-07T17:14:41+05:30,
txn_001121,cust_0469,prod_003,1,399900,INR,CAPTURED,card,1,2026-07-19T14:50:41+05:30,2026-07-19T14:50:41+05:30,
txn_001122,cust_0469,prod_017,1,449900,INR,CAPTURED,upi,1,2026-05-27T19:07:21+05:30,2026-05-27T19:07:21+05:30,
txn_001123,cust_0469,prod_001,1,49900,INR,CAPTURED,wallet,1,2026-04-04T15:10:50+05:30,2026-04-04T15:10:50+05:30,
txn_001124,cust_0469,prod_003,1,399900,INR,CAPTURED,upi,1,2026-08-04T10:58:45+05:30,2026-08-04T10:58:45+05:30,
txn_001125,cust_0469,prod_018,1,1199900,INR,CAPTURED,wallet,1,2026-05-25T20:20:49+05:30,2026-05-25T20:20:49+05:30,
txn_001126,cust_0470,prod_014,1,899900,INR,CAPTURED,card,1,2026-03-18T20:09:10+05:30,2026-03-18T20:09:10+05:30,
txn_001127,cust_0470,prod_008,1,129900,INR,CAPTURED,wallet,1,2026-03-17T16:03:52+05:30,2026-03-17T16:03:52+05:30,
txn_001128,cust_0470,prod_010,1,799900,INR,CAPTURED,upi,1,2026-04-12T22:23:11+05:30,2026-04-12T22:23:11+05:30,
txn_001129,cust_0470,prod_001,1,49900,INR,CAPTURED,netbanking,1,2026-08-17T20:13:17+05:30,2026-08-17T20:13:17+05:30,
txn_001130,cust_0470,prod_004,1,1499900,INR,REFUNDED,upi,1,2026-04-14T13:58:16+05:30,2026-04-14T13:58:16+05:30,2026-05-03T13:58:16+05:30
txn_001131,cust_0471,prod_009,1,249900,INR,CAPTURED,card,1,2026-07-17T07:07:43+05:30,2026-07-17T07:07:43+05:30,
txn_001132,cust_0471,prod_001,1,49900,INR,CAPTURED,netbanking,1,2026-03-08T19:05:07+05:30,2026-03-08T19:05:07+05:30,
txn_001133,cust_0473,prod_015,1,19900,INR,REFUNDED,card,1,2026-03-11T11:34:09+05:30,2026-03-11T11:34:09+05:30,2026-03-27T11:34:09+05:30
txn_001134,cust_0474,prod_009,1,249900,INR,CAPTURED,upi,1,2026-04-07T18:42:58+05:30,2026-04-07T18:42:58+05:30,
txn_001135,cust_0474,prod_017,1,449900,INR,CAPTURED,wallet,1,2026-09-01T21:20:39+05:30,2026-09-01T21:20:39+05:30,
txn_001136,cust_0474,prod_013,1,299900,INR,CAPTURED,netbanking,1,2026-08-07T22:41:32+05:30,2026-08-07T22:41:32+05:30,
txn_001137,cust_0474,prod_014,1,899900,INR,CAPTURED,netbanking,1,2026-03-13T08:58:20+05:30,2026-03-13T08:58:20+05:30,
txn_001138,cust_0474,prod_017,1,449900,INR,REFUNDED,wallet,1,2026-08-26T08:16:50+05:30,2026-08-26T08:16:50+05:30,2026-09-09T08:16:50+05:30
txn_001139,cust_0475,prod_008,1,129900,INR,CAPTURED,card,1,2026-04-19T14:46:10+05:30,2026-04-19T14:46:10+05:30,
txn_001140,cust_0475,prod_008,1,129900,INR,CAPTURED,wallet,1,2026-07-24T17:26:18+05:30,2026-07-24T17:26:18+05:30,
txn_001141,cust_0477,prod_015,1,19900,INR,CAPTURED,wallet,1,2026-06-25T18:41:10+05:30,2026-06-25T18:41:10+05:30,
txn_001142,cust_0478,prod_001,1,49900,INR,CAPTURED,wallet,1,2026-05-04T21:43:40+05:30,2026-05-04T21:43:40+05:30,
txn_001143,cust_0478,prod_003,1,399900,INR,CAPTURED,upi,1,2026-08-05T05:40:11+05:30,2026-08-05T05:40:11+05:30,
txn_001144,cust_0479,prod_011,1,2499900,INR,CAPTURED,card,1,2026-03-07T10:35:56+05:30,2026-03-07T10:35:56+05:30,
txn_001145,cust_0479,prod_013,1,299900,INR,CAPTURED,card,1,2026-08-26T09:58:52+05:30,2026-08-26T09:58:52+05:30,
txn_001146,cust_0479,prod_014,1,899900,INR,CAPTURED,netbanking,1,2026-04-16T14:13:04+05:30,2026-04-16T14:13:04+05:30,
txn_001147,cust_0479,prod_013,1,299900,INR,CAPTURED,upi,1,2026-04-04T20:25:44+05:30,2026-04-04T20:25:44+05:30,
txn_001148,cust_0479,prod_004,1,1499900,INR,CAPTURED,netbanking,1,2026-04-13T12:06:08+05:30,2026-04-13T12:06:08+05:30,
txn_001149,cust_0479,prod_017,1,449900,INR,CAPTURED,card,1,2026-03-05T19:26:19+05:30,2026-03-05T19:26:19+05:30,
txn_001150,cust_0479,prod_014,1,899900,INR,CAPTURED,upi,1,2026-03-23T14:43:01+05:30,2026-03-23T14:43:01+05:30,
txn_001151,cust_0480,prod_007,1,79900,INR,CAPTURED,wallet,1,2026-08-07T19:42:51+05:30,2026-08-07T19:42:51+05:30,
txn_001152,cust_0480,prod_010,1,799900,INR,CAPTURED,upi,1,2026-05-29T08:43:54+05:30,2026-05-29T08:43:54+05:30,
txn_001153,cust_0480,prod_013,1,299900,INR,CAPTURED,netbanking,1,2026-08-10T18:09:50+05:30,2026-08-10T18:09:50+05:30,
txn_001154,cust_0480,prod_008,1,129900,INR,CAPTURED,card,1,2026-05-14T10:18:21+05:30,2026-05-14T10:18:21+05:30,
txn_001155,cust_0481,prod_001,1,49900,INR,CAPTURED,card,1,2026-03-25T06:11:03+05:30,2026-03-25T06:11:03+05:30,
txn_001156,cust_0481,prod_009,1,249900,INR,CAPTURED,card,1,2026-05-21T08:43:16+05:30,2026-05-21T08:43:16+05:30,
txn_001157,cust_0482,prod_003,1,399900,INR,CAPTURED,card,1,2026-07-13T12:30:05+05:30,2026-07-13T12:30:05+05:30,
txn_001158,cust_0482,prod_005,1,3999900,INR,CAPTURED,netbanking,1,2026-08-07T13:11:26+05:30,2026-08-07T13:11:26+05:30,
txn_001159,cust_0482,prod_005,1,3999900,INR,CAPTURED,upi,1,2026-04-01T14:14:28+05:30,2026-04-01T14:14:28+05:30,
txn_001160,cust_0482,prod_009,1,249900,INR,CAPTURED,netbanking,1,2026-08-10T10:22:02+05:30,2026-08-10T10:22:02+05:30,
txn_001161,cust_0482,prod_009,1,249900,INR,CAPTURED,wallet,1,2026-03-26T17:37:02+05:30,2026-03-26T17:37:02+05:30,
txn_001162,cust_0482,prod_017,1,449900,INR,CAPTURED,netbanking,1,2026-03-30T17:02:13+05:30,2026-03-30T17:02:13+05:30,
txn_001163,cust_0482,prod_018,1,1199900,INR,CAPTURED,wallet,1,2026-07-28T06:22:56+05:30,2026-07-28T06:22:56+05:30,
txn_001164,cust_0483,prod_002,1,149900,INR,CAPTURED,wallet,1,2026-08-24T20:49:12+05:30,2026-08-24T20:49:12+05:30,
txn_001165,cust_0486,prod_003,1,399900,INR,CAPTURED,netbanking,1,2026-05-11T17:55:50+05:30,2026-05-11T17:55:50+05:30,
txn_001166,cust_0486,prod_013,1,299900,INR,CAPTURED,card,1,2026-03-03T11:14:12+05:30,2026-03-03T11:14:12+05:30,
txn_001167,cust_0488,prod_001,1,49900,INR,CAPTURED,card,1,2026-07-12T19:31:00+05:30,2026-07-12T19:31:00+05:30,
txn_001168,cust_0489,prod_008,1,129900,INR,CAPTURED,netbanking,1,2026-08-20T18:07:25+05:30,2026-08-20T18:07:25+05:30,
txn_001169,cust_0489,prod_003,1,399900,INR,CAPTURED,card,1,2026-06-15T20:45:34+05:30,2026-06-15T20:45:34+05:30,
txn_001170,cust_0490,prod_001,1,49900,INR,CAPTURED,wallet,1,2026-09-01T11:57:49+05:30,2026-09-01T11:57:49+05:30,
txn_001171,cust_0491,prod_007,1,79900,INR,CAPTURED,netbanking,1,2026-06-01T12:50:18+05:30,2026-06-01T12:50:18+05:30,
txn_001172,cust_0491,prod_002,1,149900,INR,CAPTURED,wallet,1,2026-07-10T15:12:49+05:30,2026-07-10T15:12:49+05:30,
txn_001173,cust_0492,prod_003,1,399900,INR,CAPTURED,wallet,1,2026-08-30T09:51:05+05:30,2026-08-30T09:51:05+05:30,
txn_001174,cust_0493,prod_008,1,129900,INR,CAPTURED,card,1,2026-06-19T12:34:51+05:30,2026-06-19T12:34:51+05:30,
txn_001175,cust_0493,prod_014,1,899900,INR,CAPTURED,card,1,2026-08-25T21:28:09+05:30,2026-08-25T21:28:09+05:30,
txn_001176,cust_0493,prod_010,1,799900,INR,CAPTURED,card,1,2026-08-07T14:32:26+05:30,2026-08-07T14:32:26+05:30,
txn_001177,cust_0493,prod_003,1,399900,INR,CAPTURED,netbanking,1,2026-05-27T22:39:05+05:30,2026-05-27T22:39:05+05:30,
txn_001178,cust_0493,prod_001,1,49900,INR,REFUNDED,wallet,1,2026-08-13T22:16:25+05:30,2026-08-13T22:16:25+05:30,2026-08-17T22:16:25+05:30
txn_001179,cust_0494,prod_002,1,149900,INR,CAPTURED,card,1,2026-08-22T13:48:40+05:30,2026-08-22T13:48:40+05:30,
txn_001180,cust_0494,prod_007,1,79900,INR,CAPTURED,netbanking,1,2026-08-17T19:52:49+05:30,2026-08-17T19:52:49+05:30,
txn_001181,cust_0494,prod_001,1,49900,INR,CAPTURED,netbanking,1,2026-06-12T14:36:10+05:30,2026-06-12T14:36:10+05:30,
txn_001182,cust_0494,prod_009,1,249900,INR,CAPTURED,upi,1,2026-06-09T15:01:27+05:30,2026-06-09T15:01:27+05:30,
txn_001183,cust_0495,prod_008,3,389700,INR,CAPTURED,wallet,1,2026-08-05T21:16:53+05:30,2026-08-05T21:16:53+05:30,
txn_001184,cust_0496,prod_004,1,1499900,INR,CAPTURED,card,1,2026-04-02T09:17:05+05:30,2026-04-02T09:17:05+05:30,
txn_001185,cust_0496,prod_003,1,399900,INR,CAPTURED,wallet,1,2026-07-19T23:34:48+05:30,2026-07-19T23:34:48+05:30,
txn_001186,cust_0496,prod_009,1,249900,INR,CAPTURED,netbanking,1,2026-04-26T10:01:45+05:30,2026-04-26T10:01:45+05:30,
txn_001187,cust_0496,prod_007,1,79900,INR,CAPTURED,card,1,2026-06-08T13:58:40+05:30,2026-06-08T13:58:40+05:30,
txn_001188,cust_0497,prod_003,1,399900,INR,CAPTURED,upi,1,2026-06-01T09:36:55+05:30,2026-06-01T09:36:55+05:30,
txn_001189,cust_0497,prod_013,1,299900,INR,CAPTURED,wallet,1,2026-04-06T11:54:03+05:30,2026-04-06T11:54:03+05:30,
txn_001190,cust_0498,prod_015,3,59700,INR,CAPTURED,netbanking,1,2026-09-01T13:01:48+05:30,2026-09-01T13:01:48+05:30,
txn_001191,cust_0498,prod_003,2,799800,INR,CAPTURED,card,1,2026-07-19T08:29:11+05:30,2026-07-19T08:29:11+05:30,
txn_001192,cust_0499,prod_007,1,79900,INR,CAPTURED,card,1,2026-08-01T21:12:32+05:30,2026-08-01T21:12:32+05:30,
txn_001193,cust_0499,prod_007,1,79900,INR,CAPTURED,wallet,1,2026-04-21T18:48:50+05:30,2026-04-21T18:48:50+05:30,
txn_001194,cust_0500,prod_009,1,249900,INR,CAPTURED,wallet,1,2026-05-30T01:20:46+05:30,2026-05-30T01:20:46+05:30,
txn_001195,cust_0477,prod_003,1,399900,INR,FAILED,netbanking,1,2026-05-22T19:33:47+05:30,2026-05-22T19:33:47+05:30,
txn_001196,cust_0426,prod_014,1,899900,INR,FAILED,upi,1,2026-07-16T11:16:47+05:30,2026-07-16T11:16:47+05:30,
txn_001197,cust_0386,prod_008,1,129900,INR,FAILED,wallet,1,2026-07-28T14:31:14+05:30,2026-07-28T14:31:14+05:30,
txn_001198,cust_0095,prod_013,1,299900,INR,FAILED,card,1,2026-05-21T19:13:13+05:30,2026-05-21T19:13:13+05:30,
txn_001199,cust_0239,prod_008,1,129900,INR,FAILED,netbanking,1,2026-05-30T21:54:27+05:30,2026-05-30T21:54:27+05:30,
txn_001200,cust_0320,prod_014,1,899900,INR,FAILED,upi,1,2026-06-30T16:46:09+05:30,2026-06-30T16:46:09+05:30,
